representation,clustering_method,cluster_id,size,top_terms,output_path,status
tfidf,hdbscan,0,26,path_token; source_reg; hkey_local_machine; hex_token; reg_sz; assemblies,reports\week4\plots\wordclouds_full\tfidf_hdbscan_cluster_0.png,ok
tfidf,hdbscan,1,135,path_token; source_file; assemblies; directory; pc,reports\week4\plots\wordclouds_full\tfidf_hdbscan_cluster_1.png,ok
tfidf,hdbscan,2,34,path_token; source_reg; hkey_local_machine; hex_token; reg_sz; dotnet,reports\week4\plots\wordclouds_full\tfidf_hdbscan_cluster_2.png,ok
tfidf,hdbscan,3,127,path_token; source_file; dotnet; directory,reports\week4\plots\wordclouds_full\tfidf_hdbscan_cluster_3.png,ok
tfidf,hdbscan,4,33,path_token; source_file; sdks; bootstrapper; directory,reports\week4\plots\wordclouds_full\tfidf_hdbscan_cluster_4.png,ok
tfidf,hdbscan,5,53,path_token; source_file; sdks; bootstrapper,reports\week4\plots\wordclouds_full\tfidf_hdbscan_cluster_5.png,ok
tfidf,hdbscan,6,27,path_token; source_reg; hkey_local_machine; hex_token; reg_sz; msbuild,reports\week4\plots\wordclouds_full\tfidf_hdbscan_cluster_6.png,ok
tfidf,hdbscan,7,103,path_token; source_file; msbuild; directory,reports\week4\plots\wordclouds_full\tfidf_hdbscan_cluster_7.png,ok
tfidf,hdbscan,8,37,source_reg; smisettings; path_token,reports\week4\plots\wordclouds_full\tfidf_hdbscan_cluster_8.png,ok
tfidf,hdbscan,9,22,path_token; reg_dword_le; num_token; source_reg; power; onlastremove; path; reg_sz; hkey_local_machine; publishwnfonconfigure; nt,reports\week4\plots\wordclouds_full\tfidf_hdbscan_cluster_9.png,ok
tfidf,hdbscan,10,27,source_reg; policies; path_token; applypasses; reg_dword_le; num_token,reports\week4\plots\wordclouds_full\tfidf_hdbscan_cluster_10.png,ok
tfidf,hdbscan,11,63,exe; source_pe; pe; executable; import; hex_token; export; dll; git; msedgewebview; aspnet_wp; wrapper; printbrm; wudfcompanionhost; http; fetch; smartscreen; netcorecheck,reports\week4\plots\wordclouds_full\tfidf_hdbscan_cluster_11.png,ok
tfidf,hdbscan,12,24,path_token; source_reg; policies; action; reg_dword_le; num_token; path; reg_sz; vendor,reports\week4\plots\wordclouds_full\tfidf_hdbscan_cluster_12.png,ok
tfidf,hdbscan,13,128,path_token; explorer; source_file; visual; studio; directory; source_reg; hkey_local_machine; reg_sz; extoff; test,reports\week4\plots\wordclouds_full\tfidf_hdbscan_cluster_13.png,ok
tfidf,hdbscan,14,18,path_token; explorer; source_reg; hkey_local_machine; rights; source_file; directory; lnk; launch; switcher; protection; internet,reports\week4\plots\wordclouds_full\tfidf_hdbscan_cluster_14.png,ok
tfidf,hdbscan,15,33,path_token; compatibility; source_reg; hkey_local_machine; explorer; reg_dword_le; num_token; showleftaddresstoolbar; warnonopen,reports\week4\plots\wordclouds_full\tfidf_hdbscan_cluster_15.png,ok
tfidf,hdbscan,16,16,source_reg; connectivityprofiles; path_token,reports\week4\plots\wordclouds_full\tfidf_hdbscan_cluster_16.png,ok
tfidf,hdbscan,17,63,source_reg; path_token; universalappinstall; registry; devicemanagement; cellular; unifiedwritefilter; personalization; localstate; storaged; inmodernstandby; classes; browser; accounts; universalappuninstall; certificates; start; workplace; countryandregion; registration,reports\week4\plots\wordclouds_full\tfidf_hdbscan_cluster_17.png,ok
tfidf,hdbscan,18,17,source_reg; path_token; connections; cellcore,reports\week4\plots\wordclouds_full\tfidf_hdbscan_cluster_18.png,ok
tfidf,hdbscan,19,33,source_reg; driverdatabase; path_token; configuration; reg_sz; modem; ol_dss; olm_dss; _dss; olp_dss; modemv; ex; olp_japan; modem_ven_isa; ot_dss; op_dss; modempcmin; nt; od_dss; i_dss,reports\week4\plots\wordclouds_full\tfidf_hdbscan_cluster_19.png,ok
tfidf,hdbscan,20,18,reg_sz; num_token; source_reg; policies; path_token; minimum; maximum,reports\week4\plots\wordclouds_full\tfidf_hdbscan_cluster_20.png,ok
tfidf,hdbscan,21,40,source_reg; policies; path_token; reg_sz; reg_dword_le; num_token; activehoursstart; allowusertoresetphone; schedulescanday; useraccountcontrol_behavioroftheelevationpromptforstandardusers; noupdatenotificationsduringactivehours; dosethourstolimitbackgrounddownloadbandwidth; setpolicydrivenupdatesourceforotherupdates; allownonmicrosoftsignedupdate; provisionfavorites; eap; setpolicydrivenupdatesourceforqualityupdates; hidecellularconnectionmode; allowarchivescanning; nopinningtotaskbar,reports\week4\plots\wordclouds_full\tfidf_hdbscan_cluster_21.png,ok
tfidf,hdbscan,22,50,reg_sz; source_reg; policies; path_token; display; displaydescription; setting; displayname; enable; yes; policy; updates; disable; lets; history; feature; configure; cookies; allows; decide,reports\week4\plots\wordclouds_full\tfidf_hdbscan_cluster_22.png,ok
tfidf,hdbscan,23,78,source_reg; policies; path_token,reports\week4\plots\wordclouds_full\tfidf_hdbscan_cluster_23.png,ok
tfidf,hdbscan,24,20,path_token; source_reg; hkey_current_user; reg_dword_le; num_token; capabilities; perpackageindexeddbenabled; reg_sz; settings; defaultapplied; connection; wizard; completed; appusermodelid; lockapp_cw; txyewy; windowsdefaultlockscreen; persistent; waseveractivated; servicename,reports\week4\plots\wordclouds_full\tfidf_hdbscan_cluster_24.png,ok
tfidf,hdbscan,25,86,path_token; source_reg; hkey_current_user; settings; reg_none; num_token; nt; reg_qword; value; reg_sz; appxvsqkg; th; rv; rkh; hjp; hxryydd; children; reg_multi_sz; hex_token; appx,reports\week4\plots\wordclouds_full\tfidf_hdbscan_cluster_25.png,ok
tfidf,hdbscan,26,15,reg_sz; source_reg; hkey_current_user; path_token; class; ms; progid; syncenginestorageproviderhandlerproxy; url; wcrv; pm; kl; appxmgw; pxxs; rbgfp; petmdyb; fx; rnd; filecoauth; kfmstatusfactory,reports\week4\plots\wordclouds_full\tfidf_hdbscan_cluster_26.png,ok
tfidf,hdbscan,27,33,source_reg; power; path_token; applypasses; reg_dword_le; num_token,reports\week4\plots\wordclouds_full\tfidf_hdbscan_cluster_27.png,ok
tfidf,hdbscan,28,16,source_reg; power; path_token,reports\week4\plots\wordclouds_full\tfidf_hdbscan_cluster_28.png,ok
tfidf,hdbscan,29,32,reg_dword_le; num_token; reg_sz; power; path_token; source_reg; atomic; atomicroot; dcvalue; policymetadatarequired; acvalue; smallsequentialwritepowermw; key; id; list; idletimecheck; softparklatency; perfboostpolicy; screenonmaxpercentage; cpperfstate,reports\week4\plots\wordclouds_full\tfidf_hdbscan_cluster_29.png,ok
tfidf,hdbscan,30,29,power; source_reg; path_token; private; reg_dword_le; num_token; displaydescription; reg_sz; specify; parameters; model; percentage; specifies; needed; wifi; cooling; policy; busy; threshold; met,reports\week4\plots\wordclouds_full\tfidf_hdbscan_cluster_30.png,ok
tfidf,hdbscan,31,38,path_token; source_file; sql; server; directory; sdk; terms,reports\week4\plots\wordclouds_full\tfidf_hdbscan_cluster_31.png,ok
tfidf,hdbscan,32,38,num_token; source_reg; wcm; version; language; neutral; processorarchitecture; publickeytoken; hex_token; versionscope; nonsxs; scope; allusers; path_token; amd; wow; setup; shell; deployment; service,reports\week4\plots\wordclouds_full\tfidf_hdbscan_cluster_32.png,ok
tfidf,hdbscan,33,102,unknown; num_token; source_reg; path_token; hkey_local_machine; create_pdo_flag; autorun; autorunalwaysdisable; localstate; maxretrycount; serveretag; syncinterval; syncservice; syncstore,reports\week4\plots\wordclouds_full\tfidf_hdbscan_cluster_33.png,ok
tfidf,hdbscan,34,16,num_token; hex_token; source_evt; xf; eb; provider; identifier; ed; source; shell; core; strings; setdefault; info; association; progid; time_token; computer; record; event,reports\week4\plots\wordclouds_full\tfidf_hdbscan_cluster_34.png,ok
tfidf,hdbscan,35,54,num_token; hex_token; source_evt; provider; identifier; ed; source; shell; core; strings; computer; windev; eval; record; event; level; xf; eb; setdefault; association,reports\week4\plots\wordclouds_full\tfidf_hdbscan_cluster_35.png,ok
tfidf,hdbscan,36,17,num_token; source_reg; wcm; version; language; neutral; processorarchitecture; publickeytoken; hex_token; versionscope; nonsxs; scope; allusers; path_token; unknown; amd; wrp_file_default_sddl; performancecounterinfrastructureconsumer; security; wow,reports\week4\plots\wordclouds_full\tfidf_hdbscan_cluster_36.png,ok
tfidf,hdbscan,37,33,num_token; source_evt; provider; identifier; ed; hex_token; source; shell; core; strings; computer; windeveval; record; event; level; software; path_token; prelaunchatlogon; restartsavedapps; ea,reports\week4\plots\wordclouds_full\tfidf_hdbscan_cluster_37.png,ok
tfidf,hdbscan,38,44,num_token; source_evt; xf; da; provider; identifier; ed; hex_token; source; shell; core; strings; computer; windeveval; record; event; level; perusersetuppoststart; assignedaccesslogontaskagentprestart; cdsdatamigration,reports\week4\plots\wordclouds_full\tfidf_hdbscan_cluster_38.png,ok
tfidf,hdbscan,39,45,num_token; source_evt; xf; db; provider; identifier; ed; hex_token; source; shell; core; strings; computer; windeveval; record; event; level; wsxregistryinitprestart; installpwas; refreshonesettingsfeatureconfigurations,reports\week4\plots\wordclouds_full\tfidf_hdbscan_cluster_39.png,ok
tfidf,hdbscan,40,17,num_token; unknown; scope; xsd; source_reg; wcm; version; language; neutral; processorarchitecture; publickeytoken; hex_token; versionscope; nonsxs; allusers; path_token; _type; pdm; configuration; handler,reports\week4\plots\wordclouds_full\tfidf_hdbscan_cluster_40.png,ok
tfidf,hdbscan,41,27,num_token; unknown; scope; source_reg; wcm; version; language; neutral; processorarchitecture; amd; publickeytoken; hex_token; versionscope; nonsxs; allusers; path_token; _type; handler; xsd; legacyname,reports\week4\plots\wordclouds_full\tfidf_hdbscan_cluster_41.png,ok
tfidf,hdbscan,42,15,num_token; unknown; scope; source_reg; wcm; version; language; neutral; processorarchitecture; publickeytoken; hex_token; versionscope; nonsxs; allusers; path_token; _type; handler; xsd; amd; legacytype,reports\week4\plots\wordclouds_full\tfidf_hdbscan_cluster_42.png,ok
tfidf,hdbscan,43,331,reg_sz; hex_token; path_token; source_reg; hkey_local_machine; num_token; activateonhostflags; reg_dword_le; appid; hardwarekeyboard; softkeyboard; cdpcomclientauthorizationprovidercallback; cdpcombinaryhost; spaces; component; types; clsid; filterdata; reg_binary; friendlyname,reports\week4\plots\wordclouds_full\tfidf_hdbscan_cluster_43.png,ok
tfidf,hdbscan,44,20,num_token; unknown; scope; source_reg; wcm; version; language; neutral; processorarchitecture; amd; publickeytoken; hex_token; versionscope; nonsxs; allusers; path_token; _type; handler; legacytype; xsd,reports\week4\plots\wordclouds_full\tfidf_hdbscan_cluster_44.png,ok
tfidf,hdbscan,45,23,num_token; unknown; scope; source_reg; wcm; shell; version; language; neutral; processorarchitecture; publickeytoken; hex_token; versionscope; nonsxs; allusers; path_token; _type; handler; legacyname; legacytype,reports\week4\plots\wordclouds_full\tfidf_hdbscan_cluster_45.png,ok
tfidf,hdbscan,46,32,num_token; unknown; scope; source_reg; wcm; version; language; neutral; processorarchitecture; publickeytoken; hex_token; versionscope; nonsxs; allusers; path_token; _type; handler; legacyname; xsd; visible,reports\week4\plots\wordclouds_full\tfidf_hdbscan_cluster_46.png,ok
tfidf,hdbscan,47,15,num_token; unknown; scope; source_reg; wcm; version; language; neutral; processorarchitecture; publickeytoken; hex_token; versionscope; nonsxs; allusers; path_token; _type; description; handler; xsd; amd,reports\week4\plots\wordclouds_full\tfidf_hdbscan_cluster_47.png,ok
tfidf,hdbscan,48,1011,path_token; num_token; source_reg; deriveddata; winbuild; componentfamilies,reports\week4\plots\wordclouds_full\tfidf_hdbscan_cluster_48.png,ok
tfidf,hdbscan,49,16,num_token; hex_token; client; desktop; required; package; amd; reg_dword_le; source_reg; drivers; path_token,reports\week4\plots\wordclouds_full\tfidf_hdbscan_cluster_49.png,ok
tfidf,hdbscan,50,378,num_token; path_token; source_reg; deriveddata; winbuild; componentfamilies; reg_dword_le,reports\week4\plots\wordclouds_full\tfidf_hdbscan_cluster_50.png,ok
tfidf,hdbscan,51,32,num_token; path_token; source_reg; deriveddata; winbuild; componentfamilies; reg_dword_le; ct; reg_binary,reports\week4\plots\wordclouds_full\tfidf_hdbscan_cluster_51.png,ok
tfidf,hdbscan,52,30,num_token; update; source_file; tmp; parent; source; reason; usn_reason_data_extend; usn_reason_file_create; usn_reason_file_delete; usn_reason_close; hex_token; usn_reason_data_truncation; appx; ydzl; tmul; yntqeod; yeo,reports\week4\plots\wordclouds_full\tfidf_hdbscan_cluster_52.png,ok
tfidf,hdbscan,53,37,num_token; reg_dword_le; hex_token; reg_sz; path_token; package; source_reg; hkey_local_machine; based; servicing; currentstate; installclient; installlocation; installname; amd; mum; installtimehigh; installtimelow; installuser; selfupdate,reports\week4\plots\wordclouds_full\tfidf_hdbscan_cluster_53.png,ok
tfidf,hdbscan,54,16,num_token; reg_dword_le; path_token; reg_sz; package; source_reg; hkey_local_machine; based; servicing; currentstate; installclient; installlocation; installname; hex_token; amd; mum; selfupdate; visibility; updateagent; hyperv,reports\week4\plots\wordclouds_full\tfidf_hdbscan_cluster_54.png,ok
tfidf,hdbscan,55,120,num_token; path_token; hex_token; reg_dword_le; amd; package; source_reg; hkey_local_machine; based; servicing; en; client; wow; hyperv; desktop; merged; containers; opt; multimedia; shared,reports\week4\plots\wordclouds_full\tfidf_hdbscan_cluster_55.png,ok
tfidf,hdbscan,56,36,path_token; source_file; cache; directory; sdk; store; apps; libs; _en; msi,reports\week4\plots\wordclouds_full\tfidf_hdbscan_cluster_56.png,ok
tfidf,hdbscan,57,17,path_token; source_file; cache,reports\week4\plots\wordclouds_full\tfidf_hdbscan_cluster_57.png,ok
tfidf,hdbscan,58,53,reg_sz; source_reg; hkey_local_machine; path_token; configuration; description; manufacturer; no_drv; intel_mfg; devicedesc; nt; _amd; wlh; _desc; mrvl; profile_; device_; cht; chelsio; bus,reports\week4\plots\wordclouds_full\tfidf_hdbscan_cluster_58.png,ok
tfidf,hdbscan,59,16,reg_sz; path_token; source_reg; hkey_local_machine; configuration; description; manufacturer; pci; nt; hid_; _keyboard_inst; hid; usb; intel; toshiba; hid_inst; mfg; msft; pci_bridge; gendev_mfg,reports\week4\plots\wordclouds_full\tfidf_hdbscan_cluster_59.png,ok
tfidf,hdbscan,60,15,reg_sz; path_token; source_reg; hkey_local_machine; configuration; megasr_inst; description; pci; manufacturer; lsi,reports\week4\plots\wordclouds_full\tfidf_hdbscan_cluster_60.png,ok
tfidf,hdbscan,61,21,path_token; source_file; common; shared; tools; directory,reports\week4\plots\wordclouds_full\tfidf_hdbscan_cluster_61.png,ok
tfidf,hdbscan,62,18,path_token; tools; source_file; visual; studio; analysis; sets; directory,reports\week4\plots\wordclouds_full\tfidf_hdbscan_cluster_62.png,ok
tfidf,hdbscan,63,22,path_token; source_file; tools; menu; lnk; prompt; vgauth; services; directory,reports\week4\plots\wordclouds_full\tfidf_hdbscan_cluster_63.png,ok
tfidf,hdbscan,64,43,path_token; source_file; visual; studio; tools; shared; directory,reports\week4\plots\wordclouds_full\tfidf_hdbscan_cluster_64.png,ok
tfidf,hdbscan,65,22,path_token; source_file; visual; studio; tools; directory; manager,reports\week4\plots\wordclouds_full\tfidf_hdbscan_cluster_65.png,ok
tfidf,hdbscan,66,141,path_token; source_file; visual; studio; tools; manager; link,reports\week4\plots\wordclouds_full\tfidf_hdbscan_cluster_66.png,ok
tfidf,hdbscan,67,21,num_token; update; source_file; png; parent; source; reason; usn_reason_data_extend; usn_reason_file_create; scale; usn_reason_close; contrast; onedrivemedtile; logo; white_scale; onedrivesmalltile; splashscreen; th; black_scale; square,reports\week4\plots\wordclouds_full\tfidf_hdbscan_cluster_67.png,ok
tfidf,hdbscan,68,33,path_token; source_reg; sequencemap; level; reg_dword_le; num_token; path; reg_sz; power,reports\week4\plots\wordclouds_full\tfidf_hdbscan_cluster_68.png,ok
tfidf,hdbscan,69,72,num_token; update; source_file; lib; parent; source; reason; usn_reason_file_create; vcomp; aux_ulib; ksuser; ai; machinelearning; ddraw; comsupp; fileextd; pgraph; wofutil; mfreadwrite; projectedfslib,reports\week4\plots\wordclouds_full\tfidf_hdbscan_cluster_69.png,ok
tfidf,hdbscan,70,22,path_token; source_reg; sequencemap; level; reg_dword_le; num_token; path; reg_sz; policies,reports\week4\plots\wordclouds_full\tfidf_hdbscan_cluster_70.png,ok
tfidf,hdbscan,71,39,num_token; update; source_file; lib; parent; source; reason; usn_reason_data_overwrite; usn_reason_data_extend; usn_reason_file_create; usn_reason_basic_info_change; usn_reason_close; inseng; wmcodecdspuuid; olepro; pgraph; wer; srpapi; xpsdocumenttargetprint; corelib,reports\week4\plots\wordclouds_full\tfidf_hdbscan_cluster_71.png,ok
tfidf,hdbscan,72,36,path_token; reg_dword_le; num_token; source_reg; path; reg_sz; action; vendor; connections; sequencemap; level; requiresreboot; cm_cellularentries; connectivityprofiles; smisettings; supl; securestart; devicemanagement; cleanpc; enterpriseapn,reports\week4\plots\wordclouds_full\tfidf_hdbscan_cluster_72.png,ok
tfidf,hdbscan,73,47,path_token; source_reg; sequencemap; level; reg_dword_le; num_token; path; reg_sz; cellcore; smisettings; connections; devicemanagement; cellular; provisioningcommands; connectivityprofiles; securestart; tenantdefinedtelemetry; certificates; networklistmanager; hotspot,reports\week4\plots\wordclouds_full\tfidf_hdbscan_cluster_73.png,ok
tfidf,hdbscan,74,43,num_token; update; source_file; lib; parent; source; reason; usn_reason_data_overwrite; usn_reason_data_extend; usn_reason_file_create; usn_reason_basic_info_change; ucrt; osmode; mqrt; faultrep; uiautomationcore; wdsbp; appnotify; basesrv; scarddlg,reports\week4\plots\wordclouds_full\tfidf_hdbscan_cluster_74.png,ok
tfidf,hdbscan,75,45,num_token; update; source_file; lib; parent; source; reason; usn_reason_data_overwrite; usn_reason_data_extend; usn_reason_file_create; ndfapi; bufferoverflowu; msimg; ualapi; mpr; httpapi; devenum; icuin; rtutils; ondemandconnroutehelper,reports\week4\plots\wordclouds_full\tfidf_hdbscan_cluster_75.png,ok
tfidf,hdbscan,76,15,source_reg; smisettings; path_token; display; reg_sz; block; allow; shutdown; device; restart; shell,reports\week4\plots\wordclouds_full\tfidf_hdbscan_cluster_76.png,ok
tfidf,hdbscan,77,24,num_token; update; source_file; tmp; parent; source; reason; usn_reason_file_delete; usn_reason_close; rf; tpm; preferences; tw; msi; ac; set; msicae; af; dela; seta,reports\week4\plots\wordclouds_full\tfidf_hdbscan_cluster_77.png,ok
tfidf,hdbscan,78,17,num_token; update; source_file; install; tmp; parent; source; reason; usn_reason_file_delete; usn_reason_close,reports\week4\plots\wordclouds_full\tfidf_hdbscan_cluster_78.png,ok
tfidf,hdbscan,79,44,num_token; reg_binary; cbs_microsoft; package; bf; client; desktop; required; hex_token; source_reg; canonicaldata; path_token; appid; catalogthumbprint; reg_sz; iis; webserver; ad; addon; wow,reports\week4\plots\wordclouds_full\tfidf_hdbscan_cluster_79.png,ok
tfidf,hdbscan,80,17,source_reg; path_token; display; reg_sz; cellular; use; cellcore; connections; disabled; connected; home; network; universalappinstall; launch; app; connectivityprofiles; lte; signal; unifiedwritefilter; exclusion,reports\week4\plots\wordclouds_full\tfidf_hdbscan_cluster_80.png,ok
tfidf,hdbscan,81,15,num_token; update; source_file; png; parent; source; reason; usn_reason_file_create; scale; splashscreen; onedrivesmalltile; square; logo; altform; unplated_targetsize; onedrivelogo; contrast; black_scale; openfolder; storelogo,reports\week4\plots\wordclouds_full\tfidf_hdbscan_cluster_81.png,ok
tfidf,hdbscan,82,21,source_reg; path_token; applypasses; reg_dword_le; num_token; cellular; universalappinstall; certificates; sharedpc; storaged; inmodernstandby; folders; graphicsdrivers; provisioningcommands; personalization; languagepackmanagement; windowshelloforbusiness; deviceupdatecenter; education; devicemanagement,reports\week4\plots\wordclouds_full\tfidf_hdbscan_cluster_82.png,ok
tfidf,hdbscan,83,15,source_reg; path_token; applypasses; reg_dword_le; num_token; connections; cellcore,reports\week4\plots\wordclouds_full\tfidf_hdbscan_cluster_83.png,ok
tfidf,hdbscan,84,25,reg_sz; num_token; source_reg; hkey_local_machine; path_token; hex_token; version; displayname; universal; crt; extension; sdk,reports\week4\plots\wordclouds_full\tfidf_hdbscan_cluster_84.png,ok
tfidf,hdbscan,85,24,num_token; update; source_file; log; parent; source; reason; usn_reason_file_delete; usn_reason_close; dd_setup_; _microsoft; visualstudio; vc; activationstore; dat; _win; sdk_; winsdksetup_; _en_us; hostx,reports\week4\plots\wordclouds_full\tfidf_hdbscan_cluster_85.png,ok
tfidf,hdbscan,86,20,num_token; update; source_file; xml; parent; source; reason; usn_reason_file_delete; usn_reason_close; cab; es; compdb; fi; desktoptargetcompdb_core_es; desktoptargetcompdb_professionaln_es; desktoptargetcompdb_professional_fi; desktopbaselesscompdb_bg; bg; desktoptargetcompdb_core_ar; sa,reports\week4\plots\wordclouds_full\tfidf_hdbscan_cluster_86.png,ok
tfidf,hdbscan,87,54,num_token; update; source_file; lib; parent; source; reason; usn_reason_data_extend; usn_reason_file_create; libconcrt; fileextd; clang_rt; imagehlp; slcext; faultrep; pgocr; strsafe; msvcrt; samlib; libcpmtd,reports\week4\plots\wordclouds_full\tfidf_hdbscan_cluster_87.png,ok
tfidf,hdbscan,88,36,reg_sz; path_token; source_reg; hkey_local_machine; dllpath; synctype; boolean; backuponly; action; collectionid; capabilityaccess; displaystring; list; inputsettings; settingcollection; labeledstring; database; reg_dword_le; num_token; external,reports\week4\plots\wordclouds_full\tfidf_hdbscan_cluster_88.png,ok
tfidf,hdbscan,89,30,num_token; update; source_file; hex_token; parent; source; reason; usn_reason_file_delete; usn_reason_close; usn_reason_rename_new_name; usn_reason_basic_info_change,reports\week4\plots\wordclouds_full\tfidf_hdbscan_cluster_89.png,ok
tfidf,hdbscan,90,27,num_token; update; source_file; parent; source; reason; usn_reason_file_create; usn_reason_file_delete; usn_reason_close; dat; ngentasknewworklock; ngenrootstorelock; ngenserviceclientlock; etwrtwinnetesp; etl,reports\week4\plots\wordclouds_full\tfidf_hdbscan_cluster_90.png,ok
tfidf,hdbscan,91,15,num_token; update; source_file; state; json; parent; source; reason; usn_reason_file_delete; usn_reason_close; packages,reports\week4\plots\wordclouds_full\tfidf_hdbscan_cluster_91.png,ok
tfidf,hdbscan,92,17,num_token; reg_sz; source_reg; hkey_local_machine; path_token; assembly; version; culture; neutral; publickeytoken; hex_token; class; runtimeversion; mscorlib; mshtml; envdte; diagnostics; symbolstore; visualstudio; commandbars,reports\week4\plots\wordclouds_full\tfidf_hdbscan_cluster_92.png,ok
tfidf,hdbscan,93,29,path_token; source_file; iis; express,reports\week4\plots\wordclouds_full\tfidf_hdbscan_cluster_93.png,ok
tfidf,hdbscan,94,31,num_token; path_token; hex_token; version; culture; publickeytoken; neutral; source_reg; hkey_local_machine; processorarchitecture; msil; source_file; efbf; af; reg_sz; net; framework; redist; setup; en,reports\week4\plots\wordclouds_full\tfidf_hdbscan_cluster_94.png,ok
tfidf,hdbscan,95,21,num_token; path_token; source_file; version; language; en; productarch; neutral; directory; chip,reports\week4\plots\wordclouds_full\tfidf_hdbscan_cluster_95.png,ok
tfidf,hdbscan,96,38,num_token; path_token; source_file; version; chip; machinearch,reports\week4\plots\wordclouds_full\tfidf_hdbscan_cluster_96.png,ok
tfidf,hdbscan,97,24,num_token; source_file; path_token; version; directory; chip; machinearch,reports\week4\plots\wordclouds_full\tfidf_hdbscan_cluster_97.png,ok
tfidf,hdbscan,98,38,num_token; path_token; source_file; version; productarch; neutral; chip; machinearch,reports\week4\plots\wordclouds_full\tfidf_hdbscan_cluster_98.png,ok
tfidf,hdbscan,99,25,num_token; source_file; path_token; version; productarch; neutral; directory; machinearch; chip,reports\week4\plots\wordclouds_full\tfidf_hdbscan_cluster_99.png,ok
tfidf,hdbscan,100,66,source_pe; pe; dynamic; link; library; dll,reports\week4\plots\wordclouds_full\tfidf_hdbscan_cluster_100.png,ok
tfidf,hdbscan,101,309,source_pe; pe; dynamic; link; library; dll; import; hex_token,reports\week4\plots\wordclouds_full\tfidf_hdbscan_cluster_101.png,ok
tfidf,hdbscan,102,272,dll; source_pe; pe; dynamic; link; library; export; import; hex_token; _app; diagnosticshub; msvcp; mrt; proxy; olbmodule; speech; vcruntime; vm; dum; mspdbcore,reports\week4\plots\wordclouds_full\tfidf_hdbscan_cluster_102.png,ok
tfidf,hdbscan,103,20,dll; num_token; source_pe; pe; dynamic; link; library; export; api; ms; win; core; crt; legacy; filesystem; threadpool; private; synch; processenvironment; rtlsupport,reports\week4\plots\wordclouds_full\tfidf_hdbscan_cluster_103.png,ok
tfidf,hdbscan,104,37,num_token; path_token; source_file; version; machinearch; chip,reports\week4\plots\wordclouds_full\tfidf_hdbscan_cluster_104.png,ok
tfidf,hdbscan,105,36,num_token; source_file; path_token; version; directory; machinearch; chip,reports\week4\plots\wordclouds_full\tfidf_hdbscan_cluster_105.png,ok
tfidf,hdbscan,106,15,num_token; update; source_file; png; parent; source; reason; usn_reason_security_change; usn_reason_close; shield; nofilloutline; retail_feedback_icon; appsplashscreen; jit_moments; calligraphybrushswoosh; xbox_live_logo_black; microsoftlogo; valueprop_shadow; smalllogobeta; wdsc_illustration_do_not_reuse_,reports\week4\plots\wordclouds_full\tfidf_hdbscan_cluster_106.png,ok
tfidf,hdbscan,107,26,num_token; update; source_file; png; parent; source; reason; usn_reason_security_change; usn_reason_close; targetsize; _altform; unplated; storeapplist; cameraapplist; calculatorapplist; photosapplist; quickassistapplist; paintapplist; gamebar_applist; notepadapplist,reports\week4\plots\wordclouds_full\tfidf_hdbscan_cluster_107.png,ok
tfidf,hdbscan,108,39,num_token; update; source_file; png; parent; source; reason; usn_reason_security_change; usn_reason_close; scale; square; logo; targetsize; camerasmalltile; feedbackhubwidetile; smalltile; notepadapplist; lockscreenlogo; snippingtoolbadgelogo; quickassiststorelogo,reports\week4\plots\wordclouds_full\tfidf_hdbscan_cluster_108.png,ok
tfidf,hdbscan,109,18,num_token; update; source_file; png; parent; source; reason; usn_reason_security_change; usn_reason_close; targetsize; _altform; white; lightunplated_contrast; unplated_contrast; black; photosapplist; calculatorapplist; storeapplist; windowssecurityapplist; tipssplashscreen,reports\week4\plots\wordclouds_full\tfidf_hdbscan_cluster_109.png,ok
tfidf,hdbscan,110,23,num_token; update; source_file; targetsize; png; parent; source; reason; usn_reason_security_change; usn_reason_close; _contrast; white; black; voicerecorderapplist; tipsapplist; quickassistapplist; alarmsapplist; apppackageapplist; storeapplist; scientific,reports\week4\plots\wordclouds_full\tfidf_hdbscan_cluster_110.png,ok
tfidf,hdbscan,111,33,num_token; update; source_file; _contrast; png; parent; source; reason; usn_reason_security_change; usn_reason_close; scale; white; black; logo; targetsize; rawimageextensionsquare; stickynoteswidetile; rawimageextensionstorelogo; quickassistsmalltile; quickassistbadgelogo,reports\week4\plots\wordclouds_full\tfidf_hdbscan_cluster_111.png,ok
tfidf,hdbscan,112,29,num_token; update; source_file; png; parent; source; reason; usn_reason_security_change; targetsize; _altform; unplated; alarmsapplist; storeapplist; apppackageapplist; snippingtoolapplist; tipsapplist; photosapplist; calculatorapplist; txtfile; notepadapplist,reports\week4\plots\wordclouds_full\tfidf_hdbscan_cluster_112.png,ok
tfidf,hdbscan,113,37,num_token; update; source_file; png; parent; source; reason; usn_reason_security_change; scale; paintstorelogo; logo; voicerecorderstorelogo; notepadapplist; cameramedtile; calculatorlargetile; voicerecordermedtile; gamebar_smalltile; calculatorstorelogo; quickassistsmalltile; square,reports\week4\plots\wordclouds_full\tfidf_hdbscan_cluster_113.png,ok
tfidf,hdbscan,114,19,num_token; update; source_file; targetsize; _altform; png; parent; source; reason; usn_reason_security_change; white; unplated_contrast; lightunplated_contrast; calculatorapplist; black; apppackageapplist; quickassistapplist; gethelpapplist; photosapplist; voicerecorderapplist,reports\week4\plots\wordclouds_full\tfidf_hdbscan_cluster_114.png,ok
tfidf,hdbscan,115,50,num_token; update; source_file; parent; source; reason; usn_reason_file_delete; usn_reason_close; safe; bin; localcache; lock; appdata; inetcookies; html; license; rtf; inetcache; search; extensionactivitycomp,reports\week4\plots\wordclouds_full\tfidf_hdbscan_cluster_115.png,ok
tfidf,hdbscan,116,20,num_token; update; source_file; svg; parent; source; reason; usn_reason_file_delete; usn_reason_close; completed_icon; fre_tutorial_filesondemand_placeholder; win; _kfm_done; premiumicon; powerpoint; folder_image_desktop; resumeicon; helpsubicon; kfm_mega_gpo; bluecloudcritical_default,reports\week4\plots\wordclouds_full\tfidf_hdbscan_cluster_116.png,ok
tfidf,hdbscan,117,19,num_token; update; source_file; targetsize; _contrast; png; parent; source; reason; usn_reason_security_change; black; tipsapplist; white; alarmsapplist; voicerecorderapplist; stickynotesapplist,reports\week4\plots\wordclouds_full\tfidf_hdbscan_cluster_117.png,ok
tfidf,hdbscan,118,33,num_token; update; source_file; _contrast; png; parent; source; reason; usn_reason_security_change; scale; black; white; logo; targetsize; windowssecuritysplashscreen; gethelpwidetile; windowssecurityapplist; storelogo; square; rawimageextensionsquare,reports\week4\plots\wordclouds_full\tfidf_hdbscan_cluster_118.png,ok
tfidf,hdbscan,119,23,source_reg; driverdatabase; path_token; c_generic; inf; reg_none,reports\week4\plots\wordclouds_full\tfidf_hdbscan_cluster_119.png,ok
tfidf,hdbscan,120,21,num_token; reg_sz; source_reg; hkey_local_machine; path_token; hex_token; version; bee; bfec; dd; db; fa; fce; fb,reports\week4\plots\wordclouds_full\tfidf_hdbscan_cluster_120.png,ok
tfidf,hdbscan,121,38,reg_sz; num_token; source_reg; hkey_local_machine; path_token; cf; bb; hex_token; version,reports\week4\plots\wordclouds_full\tfidf_hdbscan_cluster_121.png,ok
tfidf,hdbscan,122,34,num_token; update; source_file; tmp; parent; source; reason; usn_reason_file_create; usn_reason_close; tw; tpm; rf; ac; hex_token; cm; startunifiedtilemodelcache; dat; bf; dd; ca,reports\week4\plots\wordclouds_full\tfidf_hdbscan_cluster_122.png,ok
tfidf,hdbscan,123,69,source_reg; driverdatabase; path_token; rtcx; inf; reg_binary; num_token,reports\week4\plots\wordclouds_full\tfidf_hdbscan_cluster_123.png,ok
tfidf,hdbscan,124,51,num_token; reg_sz; source_reg; hkey_local_machine; path_token; hex_token; version; cc; ddd; dd; ce; dcbbbab; bbb; aaee; ab; da; bc; edf; dec; efa,reports\week4\plots\wordclouds_full\tfidf_hdbscan_cluster_124.png,ok
tfidf,hdbscan,125,27,reg_sz; num_token; source_reg; hkey_local_machine; path_token; bed; ea; hex_token; version,reports\week4\plots\wordclouds_full\tfidf_hdbscan_cluster_125.png,ok
tfidf,hdbscan,126,29,num_token; update; source_file; xml; parent; source; reason; usn_reason_security_change; appxmanifest; appxblockmap; usn_reason_close; packagemanagement; format; ps; appxbundlemanifest; canonicalgrouplimited; ubuntuonwindows_; _neutral_split; scale; rhkp,reports\week4\plots\wordclouds_full\tfidf_hdbscan_cluster_126.png,ok
tfidf,hdbscan,127,29,source_reg; driverdatabase; path_token; netmyk; inf; reg_binary; num_token,reports\week4\plots\wordclouds_full\tfidf_hdbscan_cluster_127.png,ok
tfidf,hdbscan,128,35,source_reg; driverdatabase; path_token; monitor; inf; reg_binary; num_token,reports\week4\plots\wordclouds_full\tfidf_hdbscan_cluster_128.png,ok
tfidf,hdbscan,129,32,num_token; reg_sz; path_token; source_reg; hkey_local_machine; componentversion; isfullfile; mediacabinet; patchattributes; patchguid; patchsequence; patchsize; productversion; sharedcomponent; dbl; fil; hex_token; fc; da; eb,reports\week4\plots\wordclouds_full\tfidf_hdbscan_cluster_129.png,ok
tfidf,hdbscan,130,21,source_reg; driverdatabase; path_token; netwtw; inf; reg_binary; num_token,reports\week4\plots\wordclouds_full\tfidf_hdbscan_cluster_130.png,ok
tfidf,hdbscan,131,22,source_reg; driverdatabase; path_token; mdmzyxlg; inf; reg_binary; num_token,reports\week4\plots\wordclouds_full\tfidf_hdbscan_cluster_131.png,ok
tfidf,hdbscan,132,22,source_reg; driverdatabase; path_token; netl; inf; reg_binary; num_token,reports\week4\plots\wordclouds_full\tfidf_hdbscan_cluster_132.png,ok
tfidf,hdbscan,133,16,num_token; reg_sz; path_token; hex_token; reg_qword; exe; source_reg; root; reg_dword_le; binfileversion; binproductversion; binarytype; pe; fileid; language; linkdate; lowercaselongpath; originalfilename; productname; productversion,reports\week4\plots\wordclouds_full\tfidf_hdbscan_cluster_133.png,ok
tfidf,hdbscan,134,50,path_token; source_file; kits; certification; kit; directory,reports\week4\plots\wordclouds_full\tfidf_hdbscan_cluster_134.png,ok
tfidf,hdbscan,135,354,num_token; source_reg; hkey_local_machine; path_token; reg_sz,reports\week4\plots\wordclouds_full\tfidf_hdbscan_cluster_135.png,ok
tfidf,hdbscan,136,111,source_reg; hkey_local_machine; path_token; reg_sz; num_token,reports\week4\plots\wordclouds_full\tfidf_hdbscan_cluster_136.png,ok
tfidf,hdbscan,137,21,path_token; source_file; sdks; kits; directory,reports\week4\plots\wordclouds_full\tfidf_hdbscan_cluster_137.png,ok
tfidf,hdbscan,138,154,path_token; source_file; sdks; kits,reports\week4\plots\wordclouds_full\tfidf_hdbscan_cluster_138.png,ok
tfidf,hdbscan,139,112,path_token; source_file; kits; directory,reports\week4\plots\wordclouds_full\tfidf_hdbscan_cluster_139.png,ok
tfidf,hdbscan,140,906,path_token; source_file; kits; verifier; menu; wow; lnk,reports\week4\plots\wordclouds_full\tfidf_hdbscan_cluster_140.png,ok
tfidf,hdbscan,141,88,source_reg; driverdatabase; path_token; inf; reg_binary; num_token; athw; mchgr; netwbw; netefe; nete; netwew; netbc; mdmaiwa; netrtwlane_; prnms; netmlx; mdmirmdm; netwlv; rtwlanu_oldic,reports\week4\plots\wordclouds_full\tfidf_hdbscan_cluster_141.png,ok
tfidf,hdbscan,142,26,source_reg; driverdatabase; path_token; inf; reg_binary; num_token; netbxnda; tape; netbxnd; netrtwlane; netrtwlanu,reports\week4\plots\wordclouds_full\tfidf_hdbscan_cluster_142.png,ok
tfidf,hdbscan,143,18,source_reg; driverdatabase; path_token; inf; reg_binary; num_token; netk; netathrx,reports\week4\plots\wordclouds_full\tfidf_hdbscan_cluster_143.png,ok
tfidf,hdbscan,144,33,reg_sz; path_token; source_reg; displaydescription; displayname; specifies; device; connections; num_token; setting; use; connectivityprofiles; enhanced; anti; spoofing; hello; face; authentication; required; devices,reports\week4\plots\wordclouds_full\tfidf_hdbscan_cluster_144.png,ok
tfidf,hdbscan,145,19,source_reg; hkey_local_machine; path_token; reg_sz; num_token; cf; hex_token; fd,reports\week4\plots\wordclouds_full\tfidf_hdbscan_cluster_145.png,ok
tfidf,hdbscan,146,36,source_reg; hkey_local_machine; path_token; reg_sz; num_token; ba; hex_token; ff,reports\week4\plots\wordclouds_full\tfidf_hdbscan_cluster_146.png,ok
tfidf,hdbscan,147,15,source_reg; driverdatabase; path_token; nd; inf; reg_binary; num_token,reports\week4\plots\wordclouds_full\tfidf_hdbscan_cluster_147.png,ok
tfidf,hdbscan,148,16,source_reg; driverdatabase; path_token; netelx; inf; reg_binary; num_token,reports\week4\plots\wordclouds_full\tfidf_hdbscan_cluster_148.png,ok
tfidf,hdbscan,149,16,path_token; reg_sz; source_reg; hkey_local_machine; threadingmodel; apartment,reports\week4\plots\wordclouds_full\tfidf_hdbscan_cluster_149.png,ok
tfidf,hdbscan,150,60,path_token; reg_sz; source_reg; hkey_local_machine; threadingmodel; free,reports\week4\plots\wordclouds_full\tfidf_hdbscan_cluster_150.png,ok
tfidf,hdbscan,151,19,source_reg; hkey_local_machine; path_token; machine; inf; reg_binary; num_token,reports\week4\plots\wordclouds_full\tfidf_hdbscan_cluster_151.png,ok
tfidf,hdbscan,152,46,source_reg; hkey_local_machine; path_token; inf; reg_binary; num_token; nulhpopr; keyboard; usbport; scsidev; nulhprs; arcsas; mlx; _bus; sdbus; disk; itsas; ufxsynopsys; lsi_sas; genpass,reports\week4\plots\wordclouds_full\tfidf_hdbscan_cluster_152.png,ok
tfidf,hdbscan,153,23,source_reg; hkey_local_machine; path_token; inf; reg_binary; num_token; megasr; netevbda; input,reports\week4\plots\wordclouds_full\tfidf_hdbscan_cluster_153.png,ok
tfidf,hdbscan,154,15,num_token; update; source; source_file; log; parent; reason; usn_reason_file_create; dd_setup_; _microsoft; activationstore; dat; vc; ca; ext; hostx; base; visualcpp; cppwinrt; dev,reports\week4\plots\wordclouds_full\tfidf_hdbscan_cluster_154.png,ok
tfidf,hdbscan,155,18,inf; path_token; source_reg; hkey_local_machine; owners; reg_multi_sz; bth; mlx; _bus; stornvme; usbport; usb; mshdc; amdsata; nt; sdflauncher; ialpssi_gpio; microsoft_bluetooth_a; dp_src; ialpssi_i,reports\week4\plots\wordclouds_full\tfidf_hdbscan_cluster_155.png,ok
tfidf,hdbscan,156,26,num_token; reg_dword_le; path_token; source_reg; hkey_local_machine; activationtype; dllpath; reg_expand_sz; systemroot; threading; trustlevel; clsid; reg_sz; hex_token; cd; dcfe; bbd; bab; aea,reports\week4\plots\wordclouds_full\tfidf_hdbscan_cluster_156.png,ok
tfidf,hdbscan,157,260,num_token; source_reg; hkey_local_machine; path_token; reg_sz; hex_token,reports\week4\plots\wordclouds_full\tfidf_hdbscan_cluster_157.png,ok
tfidf,hdbscan,158,42,source_reg; hkey_local_machine; path_token; reg_sz; num_token; hex_token,reports\week4\plots\wordclouds_full\tfidf_hdbscan_cluster_158.png,ok
tfidf,hdbscan,159,16,num_token; source_reg; activatableclassid; path_token; activationtype; reg_dword_le; server; reg_sz; mca; app; backgroundtransferhost; appx; appxmtcan; tfbfy; kn; hbxb; dmzz; zh; global; appxjvs,reports\week4\plots\wordclouds_full\tfidf_hdbscan_cluster_159.png,ok
tfidf,hdbscan,160,152,num_token; reg_dword_le; path_token; reg_sz; source_reg; hkey_local_machine; activationtype; trustlevel; dllpath; threading; clsid; hex_token; server; staterepository; activateasuser; dc; ae; fb; fe; bb,reports\week4\plots\wordclouds_full\tfidf_hdbscan_cluster_160.png,ok
tfidf,hdbscan,161,86,path_token; source_reg; hkey_local_machine; reg_expand_sz; systemroot; threadingmodel; reg_sz; free,reports\week4\plots\wordclouds_full\tfidf_hdbscan_cluster_161.png,ok
tfidf,hdbscan,162,54,path_token; source_reg; hkey_local_machine; reg_expand_sz; systemroot; threadingmodel; reg_sz; apartment,reports\week4\plots\wordclouds_full\tfidf_hdbscan_cluster_162.png,ok
tfidf,hdbscan,163,32,reg_dword_le; num_token; source_reg; activatableclassid; path_token; activationtype; dllpath; reg_expand_sz; ui; xaml; dll; ispackagerelativepath; private; threading; controls; phone,reports\week4\plots\wordclouds_full\tfidf_hdbscan_cluster_163.png,ok
tfidf,hdbscan,164,51,reg_dword_le; num_token; source_reg; activatableclassid; path_token; activationtype; dllpath; reg_expand_sz; dll; ispackagerelativepath; private; threading; adaptivecards; rendering; uwp; textinput; photosapp; accountscontrolui; sechealthuiviewmodels; startui,reports\week4\plots\wordclouds_full\tfidf_hdbscan_cluster_164.png,ok
tfidf,hdbscan,165,15,reg_dword_le; num_token; source_reg; activatableclassid; path_token; activationtype; dllpath; reg_expand_sz; dll; ispackagerelativepath; private; threading; graphics; canvas; ui; quickactions; actioncenter; windowing,reports\week4\plots\wordclouds_full\tfidf_hdbscan_cluster_165.png,ok
tfidf,hdbscan,166,15,path_token; source_reg; hkey_local_machine; hex_token; reg_sz; kits; certification; kit,reports\week4\plots\wordclouds_full\tfidf_hdbscan_cluster_166.png,ok
tfidf,hdbscan,167,29,path_token; hex_token; reg_sz; sdks; kits; source_reg; hkey_local_machine,reports\week4\plots\wordclouds_full\tfidf_hdbscan_cluster_167.png,ok
tfidf,hdbscan,168,212,path_token; source_reg; hkey_local_machine; hex_token; reg_sz; kits; menu; software; development; kit,reports\week4\plots\wordclouds_full\tfidf_hdbscan_cluster_168.png,ok
tfidf,hdbscan,169,21,path_token; num_token; systemroot; reg_expand_sz; source_reg; hkey_local_machine; reg_dword_le; eventmessagefile; typessupported; enabled; iconreference; servicedll; servicedllunloadonstop; reg_sz; servicemain; hibernate; namespace; url_token; resourcestrings; schema,reports\week4\plots\wordclouds_full\tfidf_hdbscan_cluster_169.png,ok
tfidf,hdbscan,170,41,path_token; systemroot; reg_expand_sz; source_reg; hkey_local_machine; num_token; reg_sz; messagefilename; resourcefilename; muiverb; parameterfilename; mprmsg; indirectdisplays; classextension; events; openurl; sensors; core; performance; open,reports\week4\plots\wordclouds_full\tfidf_hdbscan_cluster_170.png,ok
tfidf,hdbscan,171,30,path_token; source_file; defender,reports\week4\plots\wordclouds_full\tfidf_hdbscan_cluster_171.png,ok
tfidf,hdbscan,172,132,path_token; source_reg; hkey_local_machine; hex_token; reg_sz; express,reports\week4\plots\wordclouds_full\tfidf_hdbscan_cluster_172.png,ok
tfidf,hdbscan,173,495,path_token; source_reg; hkey_local_machine; hex_token; reg_sz; sdks,reports\week4\plots\wordclouds_full\tfidf_hdbscan_cluster_173.png,ok
tfidf,hdbscan,174,60,path_token; hex_token; reg_sz; sdks; source_reg; hkey_local_machine,reports\week4\plots\wordclouds_full\tfidf_hdbscan_cluster_174.png,ok
tfidf,hdbscan,175,16,source_reg; path_token; reg_sz; reg_dword_le; num_token; cellular; value; windowshelloforbusiness; usberrorsoemoverride; hideusberrornotifyoptionui; personalization; lockscreenimageurl; admxingestion; configoperations; usepassportforwork; deviceformfactor; deviceform; securitykeys; dataclassname; gsafr,reports\week4\plots\wordclouds_full\tfidf_hdbscan_cluster_175.png,ok
tfidf,hdbscan,176,521,num_token; reg_binary; ad; bf; reg_dword_le; source_reg; path_token; deriveddata; identity; oyment; dll; deployment_; cf; ployment; mui; da; anguagepack_; _a; exe; fa,reports\week4\plots\wordclouds_full\tfidf_hdbscan_cluster_176.png,ok
tfidf,hdbscan,177,20,num_token; update; source_file; hex_token; tmp; parent; source; reason; usn_reason_data_overwrite; usn_reason_data_extend; usn_reason_file_create; usn_reason_basic_info_change; usn_reason_rename_old_name,reports\week4\plots\wordclouds_full\tfidf_hdbscan_cluster_177.png,ok
tfidf,hdbscan,178,28,num_token; update; source_file; json; temp; parent; source; reason; usn_reason_data_extend; usn_reason_file_create; state; packages; _package,reports\week4\plots\wordclouds_full\tfidf_hdbscan_cluster_178.png,ok
tfidf,hdbscan,179,22,path_token; source_reg; hkey_local_machine; reg_binary; num_token; security; nt; sd; wnfstatename; securitydescriptor; permissions; manager; activation; technologies; blob; powersourcetype; nopollunacquire; keylength; join,reports\week4\plots\wordclouds_full\tfidf_hdbscan_cluster_179.png,ok
tfidf,hdbscan,180,18,num_token; update; source_file; tmp; parent; source; reason; usn_reason_data_overwrite; usn_reason_data_extend; usn_reason_file_create; usn_reason_basic_info_change; install; seta,reports\week4\plots\wordclouds_full\tfidf_hdbscan_cluster_180.png,ok
tfidf,hdbscan,181,25,num_token; update; source_file; tmp; parent; source; reason; usn_reason_data_overwrite; usn_reason_data_extend; usn_reason_file_create; install; msi; seta; tartunifiedtilemodelcache,reports\week4\plots\wordclouds_full\tfidf_hdbscan_cluster_181.png,ok
tfidf,hdbscan,182,1426,path_token; source_file; sdks; directory,reports\week4\plots\wordclouds_full\tfidf_hdbscan_cluster_182.png,ok
tfidf,hdbscan,183,2190,path_token; source_file; sdks,reports\week4\plots\wordclouds_full\tfidf_hdbscan_cluster_183.png,ok
tfidf,hdbscan,184,42,reg_dword_le; num_token; reg_sz; path_token; source_reg; atomic; atomicroot; connectivityprofiles; devicemanagement; connections; cellcore; takeatest; sharedpc; hotspot; required; tenantdefinedtelemetry; allowtextsuggestions; tabletmode; certificates; crlcheck,reports\week4\plots\wordclouds_full\tfidf_hdbscan_cluster_184.png,ok
tfidf,hdbscan,185,61,path_token; source_file; visual; studio; directory; azure; sdk_azure; libraries; rtf,reports\week4\plots\wordclouds_full\tfidf_hdbscan_cluster_185.png,ok
tfidf,hdbscan,186,48,num_token; reg_binary; path_token; dll; source_reg; deriveddata; winbuild; componentfamilies; someunparsedversionsexist; mui; dlnashext; dsccore; cloudstore; mu_; ac; df; mlang; cdprt; identitymodel; shdocvw,reports\week4\plots\wordclouds_full\tfidf_hdbscan_cluster_186.png,ok
tfidf,hdbscan,187,31,reg_dword_le; num_token; path_token; source_reg; hkey_local_machine; reg_sz; id; provider; hyper; diagnostics; moderndeployment; wer; payloadhealth; filehistory; engine; perflib; store; guest; drivers; wlandlg,reports\week4\plots\wordclouds_full\tfidf_hdbscan_cluster_187.png,ok
tfidf,hdbscan,188,27,path_token; reg_sz; source_reg; hkey_local_machine; num_token; serverexecutable; nonappcontainerfailedmip; spatialaudiolicenseserverasactivator; printhtml,reports\week4\plots\wordclouds_full\tfidf_hdbscan_cluster_188.png,ok
tfidf,hdbscan,189,16,reg_sz; path_token; source_reg; hkey_local_machine; devicedesc; provider; mainfeature; hid; image; perceivedtype; xboxgip; devices; device; bcmfn; manufacturername; text; dllsurrogate; runas; interactive; hid_device_battery,reports\week4\plots\wordclouds_full\tfidf_hdbscan_cluster_189.png,ok
tfidf,hdbscan,190,54,path_token; source_reg; hkey_local_machine; reg_sz; activatableclassid; inf_amd; reg_multi_sz; deviceinstance; allpatches; active; defaultinstance; media; management; configurations; basicrender; acpi; noopenwith; implementedinthisversion; intelpmax; _bbd,reports\week4\plots\wordclouds_full\tfidf_hdbscan_cluster_190.png,ok
tfidf,hdbscan,191,46,num_token; reg_binary; path_token; source_reg; deriveddata; winbuild; componentfamilies; someunparsedversionsexist; mui; exe; efi; dll_; sys; resources; aspx; ddb; bootmgfw; bootmgr; cc; bb,reports\week4\plots\wordclouds_full\tfidf_hdbscan_cluster_191.png,ok
tfidf,hdbscan,192,1101,num_token; path_token; source_reg; deriveddata; winbuild; componentfamilies; someunparsedversionsexist; reg_binary,reports\week4\plots\wordclouds_full\tfidf_hdbscan_cluster_192.png,ok
tfidf,hdbscan,193,15,num_token; source_reg; hkey_local_machine; path_token; reg_sz; library; adox; catalog; lua; jro; object; activex; objects; key; vbscript; regular; expressions; msxml; xmlhttp; ias,reports\week4\plots\wordclouds_full\tfidf_hdbscan_cluster_193.png,ok
tfidf,hdbscan,194,23,path_token; source_file; express; directory,reports\week4\plots\wordclouds_full\tfidf_hdbscan_cluster_194.png,ok
tfidf,hdbscan,195,3250,path_token; source_file; directory; windowspowershell; menu; storage; stage; mail; dictionary; tasks; profiles; photo; viewer; mozilla; maintenance; service; vgauth; reports; filter; rules,reports\week4\plots\wordclouds_full\tfidf_hdbscan_cluster_195.png,ok
tfidf,hdbscan,196,264,path_token; source_file; directory; protection; lists; firefox; platform; recognition,reports\week4\plots\wordclouds_full\tfidf_hdbscan_cluster_196.png,ok
tfidf,hdbscan,197,18,path_token; reg_dword_le; num_token; source_reg; hkey_local_machine; visual; studio; status; priority,reports\week4\plots\wordclouds_full\tfidf_hdbscan_cluster_197.png,ok
tfidf,hdbscan,198,20,path_token; visual; studio; reg_dword_le; num_token; source_reg; hkey_local_machine; config; reg_sz; scenario; status,reports\week4\plots\wordclouds_full\tfidf_hdbscan_cluster_198.png,ok
tfidf,hdbscan,199,15,path_token; source_file,reports\week4\plots\wordclouds_full\tfidf_hdbscan_cluster_199.png,ok
tfidf,hdbscan,200,38,num_token; update; source_file; dll; parent; source; reason; usn_reason_data_extend; usn_reason_file_create; usn_reason_close; dev; resources; visualstudio; diagnostics; cppwinrt; runtime; api; ms; win; crt,reports\week4\plots\wordclouds_full\tfidf_hdbscan_cluster_200.png,ok
tfidf,hdbscan,201,11643,source_file; path_token; lnk; wav; disk; management; foreground; control; party; notices; txt; powerandsleep; background; nuget; commandline; xplat; account; sleep; powershell; nel,reports\week4\plots\wordclouds_full\tfidf_hdbscan_cluster_201.png,ok
tfidf,hdbscan,202,1731,path_token; source_file; icons; san; tokens; journal; browser,reports\week4\plots\wordclouds_full\tfidf_hdbscan_cluster_202.png,ok
tfidf,hdbscan,203,45,path_token; source_file; worker; firefox; protection; lists; media; player,reports\week4\plots\wordclouds_full\tfidf_hdbscan_cluster_203.png,ok
tfidf,hdbscan,204,47,source_reg; hkey_local_machine; path_token; reg_sz; ff; ca; num_token; hex_token,reports\week4\plots\wordclouds_full\tfidf_hdbscan_cluster_204.png,ok
tfidf,hdbscan,205,40,num_token; source_reg; hkey_local_machine; path_token; reg_sz; hex_token; cc; bfb; ab; bdf; ec; db; fcd; edb; ca; ea,reports\week4\plots\wordclouds_full\tfidf_hdbscan_cluster_205.png,ok
tfidf,hdbscan,206,1052,path_token; source_reg; hkey_local_machine; reg_none; num_token; parameters; wmp; assocfile; management; search; diagnostic; pack; wpl; mp; paths; error; reporting; policy; water; egab,reports\week4\plots\wordclouds_full\tfidf_hdbscan_cluster_206.png,ok
tfidf,hdbscan,207,45,source_reg; hkey_local_machine; path_token; reg_sz; fbf; bd; num_token; hex_token,reports\week4\plots\wordclouds_full\tfidf_hdbscan_cluster_207.png,ok
tfidf,hdbscan,208,23,source_reg; hkey_local_machine; path_token; categories,reports\week4\plots\wordclouds_full\tfidf_hdbscan_cluster_208.png,ok
tfidf,hdbscan,209,39,path_token; source_reg; hkey_local_machine; categories,reports\week4\plots\wordclouds_full\tfidf_hdbscan_cluster_209.png,ok
tfidf,hdbscan,210,18,path_token; source_file; pictures; protection; lists; account; sidebar; dictionary; volume; information; storage; join; shortcuts; rules; print; pdf,reports\week4\plots\wordclouds_full\tfidf_hdbscan_cluster_210.png,ok
tfidf,hdbscan,211,19,path_token; source_file; windowspowershell,reports\week4\plots\wordclouds_full\tfidf_hdbscan_cluster_211.png,ok
tfidf,hdbscan,212,56,source_reg; hkey_local_machine; path_token; reg_sz; hex_token; bf; ad; cc; bb; ce; dbd; ea; num_token; df; aae; ff; cd; fa; ee,reports\week4\plots\wordclouds_full\tfidf_hdbscan_cluster_212.png,ok
tfidf,hdbscan,213,414,path_token; studio; source_file; visual; directory; live; preview; diagnostics; sdk; uap; connected; service; procedure; debugger; mpf,reports\week4\plots\wordclouds_full\tfidf_hdbscan_cluster_213.png,ok
tfidf,hdbscan,214,27,num_token; update; source_file; json; temp; parent; source; reason; usn_reason_data_extend; usn_reason_file_create; usn_reason_close; state; packages; _package,reports\week4\plots\wordclouds_full\tfidf_hdbscan_cluster_214.png,ok
tfidf,hdbscan,215,48,num_token; update; tmp; source_file; parent; source; reason; usn_reason_file_create; msi; ac; safe; tw; tpm; rf; hex_token; fe; cm; preferences; bf; bc,reports\week4\plots\wordclouds_full\tfidf_hdbscan_cluster_215.png,ok
tfidf,hdbscan,216,21,num_token; update; source_file; hex_token; tmp; parent; source; reason; usn_reason_file_create; rf,reports\week4\plots\wordclouds_full\tfidf_hdbscan_cluster_216.png,ok
tfidf,hdbscan,217,61,source_reg; hkey_local_machine; path_token; reg_sz; class; page; connect; internet; video; rasgcw; hook; scanprofileui; spactivesystemuserinformation; extension; utility; non; ui; wmplayer; playlistproppage; narratorheaderitem,reports\week4\plots\wordclouds_full\tfidf_hdbscan_cluster_217.png,ok
tfidf,hdbscan,218,21,path_token; source_file; visual; studio; store,reports\week4\plots\wordclouds_full\tfidf_hdbscan_cluster_218.png,ok
tfidf,hdbscan,219,40,num_token; update; source_file; tmp; parent; source; reason; usn_reason_security_change; usn_reason_basic_info_change; usn_reason_data_truncation; usn_reason_rename_old_name; msi; tartunifiedtilemodelcache; hex_token; cm; earchunifiedtilemodelcache; safe; seta; bc; dat,reports\week4\plots\wordclouds_full\tfidf_hdbscan_cluster_219.png,ok
tfidf,hdbscan,220,17,num_token; update; source_file; tmp; parent; source; reason; usn_reason_security_change; usn_reason_close; msi; msif; msie; ac; msic; fc; msiccbe; msieb; msiedac; msiff; msicaa,reports\week4\plots\wordclouds_full\tfidf_hdbscan_cluster_220.png,ok
tfidf,hdbscan,221,19,source_reg; hkey_local_machine; path_token; reg_sz; hex_token; bb; db; cd; ecc; ab; ead; bbee; num_token; cf; da; afd,reports\week4\plots\wordclouds_full\tfidf_hdbscan_cluster_221.png,ok
tfidf,hdbscan,222,60,source_reg; hkey_local_machine; path_token; reg_sz; num_token; hex_token; aba; ee; eadb; abb; fe; fbe; ccae; fa; ccb; dace; ddcd; bc; df; dcd,reports\week4\plots\wordclouds_full\tfidf_hdbscan_cluster_222.png,ok
tfidf,hdbscan,223,17,source_reg; hkey_local_machine; path_token; reg_sz; aaf; num_token; hex_token,reports\week4\plots\wordclouds_full\tfidf_hdbscan_cluster_223.png,ok
tfidf,hdbscan,224,17,source_reg; hkey_local_machine; path_token; reg_dword_le; num_token; count; attributes; enabled,reports\week4\plots\wordclouds_full\tfidf_hdbscan_cluster_224.png,ok
tfidf,hdbscan,225,24,source_reg; hkey_local_machine; path_token; reg_dword_le; num_token; enrollmentagnostic; versionoem; runcadenceinhours; ionotrequired; enablecontrol; setupphase; statevalue; sdc_force_mode_enumeration; devicemanagedsteering; preferstub; generalappsallowed; instancedataallowed; hostpriority; comcheckon; ignoreerrorsduringpldr,reports\week4\plots\wordclouds_full\tfidf_hdbscan_cluster_225.png,ok
tfidf,hdbscan,226,45,source_reg; hkey_local_machine; path_token; reg_sz; num_token; dximagetransform; imapi; oleprn; msvidctl; portabledevicewiacompat; eventsystem; msinkdiv; inkdivider; asproxy; workspacebroker; imecommonapi; imesinglekanjidict; olecvt; glow; wmsclientnetmanager,reports\week4\plots\wordclouds_full\tfidf_hdbscan_cluster_226.png,ok
tfidf,hdbscan,227,16,source_reg; hkey_local_machine; path_token; reg_sz; num_token; sapi; enrollment; cx; spphraseinfobuilder; spstreamformatconverter; spgramcompbackend; spstream; attributeextensions; sptextselectioninformation; publickey; ccertpropertyfriendlyname; attributecspprovider; ccertproperty; ccertpropertyenrollment; extensioncertificatepolicies,reports\week4\plots\wordclouds_full\tfidf_hdbscan_cluster_227.png,ok
tfidf,hdbscan,228,23,num_token; update; source_file; tmp; parent; source; reason; usn_reason_data_extend; install; usn_reason_file_create; tpm; ac; msif,reports\week4\plots\wordclouds_full\tfidf_hdbscan_cluster_228.png,ok
tfidf,hdbscan,229,24,num_token; update; source_file; tmp; parent; source; reason; usn_reason_data_extend; usn_reason_file_create; hex_token; safe; eb,reports\week4\plots\wordclouds_full\tfidf_hdbscan_cluster_229.png,ok
tfidf,hdbscan,230,15,source_reg; hkey_local_machine; path_token; reg_sz; handler; property; thumbnail; protocol; search; service; context; menu; html; persistent; mapi; email; compressed; archive; right; drag,reports\week4\plots\wordclouds_full\tfidf_hdbscan_cluster_230.png,ok
tfidf,hdbscan,231,20,ba; source_reg; hkey_local_machine; path_token; reg_sz; hex_token,reports\week4\plots\wordclouds_full\tfidf_hdbscan_cluster_231.png,ok
tfidf,hdbscan,232,401,num_token; path_token; reg_binary; source_reg; hkey_local_machine; reg_sz; source_file; nuget; rc; templateengine; utils; applicationinsights; extensions; logging; packaging; common; protocol,reports\week4\plots\wordclouds_full\tfidf_hdbscan_cluster_232.png,ok
tfidf,hdbscan,233,40,path_token; source_file; visual; studio; debugger; universal; ajax; forms; procedure; arrays; write; query; stored; snippet,reports\week4\plots\wordclouds_full\tfidf_hdbscan_cluster_233.png,ok
tfidf,hdbscan,234,29,path_token; source_file; visual; studio; uap,reports\week4\plots\wordclouds_full\tfidf_hdbscan_cluster_234.png,ok
tfidf,hdbscan,235,48,num_token; reg_dword_le; path_token; reg_sz; source_reg; hkey_local_machine; behavior; regkeypathredirect; reg_binary; mergealgorithm; policytype; software; regvaluenameredirect; admxmetadatadevice; admxmetadatauser; admxmetadataboth; settings; nt; defender; restrict_run,reports\week4\plots\wordclouds_full\tfidf_hdbscan_cluster_235.png,ok
tfidf,hdbscan,236,2077,path_token; source_file; visual; studio; tmlanguage,reports\week4\plots\wordclouds_full\tfidf_hdbscan_cluster_236.png,ok
tfidf,hdbscan,237,15,path_token; source_file; visual; studio; tmsnippet; snippet; plist; req; unchecked; endforeach; comparable; comp; float; propfull; line; unless; foreach; defds,reports\week4\plots\wordclouds_full\tfidf_hdbscan_cluster_237.png,ok
tfidf,hdbscan,238,35,num_token; reg_dword_le; path_token; reg_sz; source_reg; hkey_local_machine; reg_qword; hex_token; behavior; mergealgorithm; policytype; highrange; lowrange; enablelevel; enableproperty; enabled; matchallkeyword; matchanykeyword; value; software,reports\week4\plots\wordclouds_full\tfidf_hdbscan_cluster_238.png,ok
tfidf,hdbscan,239,15,reg_dword_le; num_token; path_token; source_reg; hkey_local_machine; reg_sz; configflags; configscope; service; executionmode; namespace; cimv; providertype; usbohci; ebdrv; storufs; vdrvroot; tpm; prt; bdrv,reports\week4\plots\wordclouds_full\tfidf_hdbscan_cluster_239.png,ok
tfidf,hdbscan,240,22,source_reg; hkey_local_machine; path_token; reg_sz; ec; num_token; aa; hex_token,reports\week4\plots\wordclouds_full\tfidf_hdbscan_cluster_240.png,ok
tfidf,hdbscan,241,18,source_reg; hkey_local_machine; path_token; reg_sz; aa; num_token; ef; hex_token,reports\week4\plots\wordclouds_full\tfidf_hdbscan_cluster_241.png,ok
tfidf,hdbscan,242,33,reg_dword_le; num_token; source_reg; hkey_local_machine; path_token; acsettingindex; dcsettingindex; enabledstate; enabledstateoptions; userconsentpromptrequired; userconsentrequired; codepage; enablelevel; enabled; terminateapponaccesschange; internetencoding; descriptionid; ispinnedtonamespacetree_old; devicecharacteristics; devicetype,reports\week4\plots\wordclouds_full\tfidf_hdbscan_cluster_242.png,ok
tfidf,hdbscan,243,33,num_token; reg_dword_le; path_token; source_reg; hkey_local_machine; audioplaceholder; accentcharpenalty; editdistancepenalty; fuzzyspacepenalty; wildcardpenalty; country; current; downloadsize; entrycount; enableuseradaptation; language; autoaccent; autoapostrophe; autocorrecteditdistanceweight; autocorrectminscorediff,reports\week4\plots\wordclouds_full\tfidf_hdbscan_cluster_243.png,ok
tfidf,hdbscan,244,78,num_token; update; source_file; parent; source; reason; usn_reason_file_create; usn_reason_basic_info_change; usn_reason_close,reports\week4\plots\wordclouds_full\tfidf_hdbscan_cluster_244.png,ok
tfidf,hdbscan,245,17,num_token; update; source_file; lib; parent; source; reason; usn_reason_data_extend; usn_reason_file_create; usn_reason_close; comsuppw; libcmt; vcruntime; msvcmrt; libconcrt; vcxproj; msvcrtd; vccorlib; legacy_x; _flt_exceptions,reports\week4\plots\wordclouds_full\tfidf_hdbscan_cluster_245.png,ok
tfidf,hdbscan,246,54,num_token; update; source_file; ngen; log; parent; source; reason; usn_reason_data_extend; usn_reason_close,reports\week4\plots\wordclouds_full\tfidf_hdbscan_cluster_246.png,ok
tfidf,hdbscan,247,26,num_token; update; source_file; setupapi; dev; log; parent; source; reason; usn_reason_data_extend; usn_reason_data_truncation; usn_reason_close,reports\week4\plots\wordclouds_full\tfidf_hdbscan_cluster_247.png,ok
tfidf,hdbscan,248,19,num_token; update; source_file; setupapi; dev; log; parent; source; reason; usn_reason_data_extend; usn_reason_data_truncation,reports\week4\plots\wordclouds_full\tfidf_hdbscan_cluster_248.png,ok
tfidf,hdbscan,249,22,num_token; update; source_file; setupapi; dev; log; parent; source; reason; usn_reason_data_extend,reports\week4\plots\wordclouds_full\tfidf_hdbscan_cluster_249.png,ok
tfidf,hdbscan,250,45,num_token; update; source_file; ngen; log; parent; source; reason; usn_reason_data_extend,reports\week4\plots\wordclouds_full\tfidf_hdbscan_cluster_250.png,ok
tfidf,hdbscan,251,29,num_token; update; source_file; parent; source; reason; usn_reason_file_create; usn_reason_close,reports\week4\plots\wordclouds_full\tfidf_hdbscan_cluster_251.png,ok
tfidf,hdbscan,252,16,num_token; update; source_file; parent; source; reason; usn_reason_data_extend; usn_reason_file_create; usn_reason_basic_info_change; usn_reason_named_data_extend; usn_reason_reparse_point_change; usn_reason_stream_change; usn_reason_close; svg; qml; ondemandfiles; fre_email_hrd_win; scrollview; northamerica; vaultintro,reports\week4\plots\wordclouds_full\tfidf_hdbscan_cluster_252.png,ok
tfidf,hdbscan,253,101,source_reg; hkey_local_machine; path_token; reg_sz; hex_token; bc; fb; ce; cb; afa; dc; fe; bdce; ebd; ec; ee; fa; edd; ada; bbd,reports\week4\plots\wordclouds_full\tfidf_hdbscan_cluster_253.png,ok
tfidf,hdbscan,254,15,source_reg; hkey_local_machine; path_token; reg_sz; hex_token; ab; ec; dc; abd; fa; df; ece,reports\week4\plots\wordclouds_full\tfidf_hdbscan_cluster_254.png,ok
tfidf,hdbscan,255,74,num_token; update; source_file; parent; source; reason; usn_reason_file_create; usn_reason_basic_info_change,reports\week4\plots\wordclouds_full\tfidf_hdbscan_cluster_255.png,ok
tfidf,hdbscan,256,28,num_token; update; source_file; dll; parent; source; reason; usn_reason_close; usn_reason_hard_link_change; usn_reason_ea_change; visualstudio; pdfpreviewhandler; designtools; xamldesignerhost; resources; widevinecdm; libssl; wsp_health; search; implementation,reports\week4\plots\wordclouds_full\tfidf_hdbscan_cluster_256.png,ok
tfidf,hdbscan,257,19,num_token; update; source_file; dll; parent; source; reason; usn_reason_data_extend; usn_reason_named_data_extend; usn_reason_file_create; usn_reason_basic_info_change; usn_reason_reparse_point_change; usn_reason_stream_change; usn_reason_close; api; ms; win; core; qt; vcruntime,reports\week4\plots\wordclouds_full\tfidf_hdbscan_cluster_257.png,ok
tfidf,hdbscan,258,51,num_token; update; source_file; xml; parent; source; reason; usn_reason_rename_new_name; cab; usn_reason_close; usn_reason_rename_old_name; compdb; mx; pl; kr; ee; gb; nl; se; ru,reports\week4\plots\wordclouds_full\tfidf_hdbscan_cluster_258.png,ok
tfidf,hdbscan,259,19,num_token; hex_token; update; source_file; parent; source; reason; usn_reason_data_extend; usn_reason_file_create; usn_reason_close; _s; rslc; ebdb; pckgdep; ea; ec; df; cf; down_meta,reports\week4\plots\wordclouds_full\tfidf_hdbscan_cluster_259.png,ok
tfidf,hdbscan,260,54,num_token; update; source_file; hex_token; parent; source; reason; usn_reason_data_extend; usn_reason_file_create; ca; ee; fb; _cd; ce; _system; cdf; ms,reports\week4\plots\wordclouds_full\tfidf_hdbscan_cluster_260.png,ok
tfidf,hdbscan,261,15,num_token; update; source_file; net; parent; source; reason; usn_reason_file_create; usn_reason_close; portable; win; wp; wpa; isolated,reports\week4\plots\wordclouds_full\tfidf_hdbscan_cluster_261.png,ok
tfidf,hdbscan,262,28,num_token; update; source_file; parent; source; reason; usn_reason_data_extend; usn_reason_data_truncation; usn_reason_close; shm; staterepository; srd; rbs; machine; db; js; adoptionheartbeat; downloadcache; updatepolicy; settings,reports\week4\plots\wordclouds_full\tfidf_hdbscan_cluster_262.png,ok
tfidf,hdbscan,263,17,num_token; update; source_file; parent; source; reason; usn_reason_data_extend; usn_reason_close; ini; txt; sqlwriterlogger; f_; shortcuts; options; newtab; desktop; sqlwriterconfig; dberr; vgauth; conf,reports\week4\plots\wordclouds_full\tfidf_hdbscan_cluster_263.png,ok
tfidf,hdbscan,264,116,num_token; update; xml; source_file; parent; source; reason; usn_reason_data_extend; usn_reason_file_create; io; net; runtime; rd; reflection; text; compression; threading; regularexpressions; networkinformation; filesystem,reports\week4\plots\wordclouds_full\tfidf_hdbscan_cluster_264.png,ok
tfidf,hdbscan,265,19,num_token; update; source_file; json; temp; parent; source; reason; usn_reason_file_create; state; _package; packages,reports\week4\plots\wordclouds_full\tfidf_hdbscan_cluster_265.png,ok
tfidf,hdbscan,266,47,num_token; update; source_file; hex_token; parent; source; reason; usn_reason_data_extend; usn_reason_file_create; usn_reason_close,reports\week4\plots\wordclouds_full\tfidf_hdbscan_cluster_266.png,ok
tfidf,hdbscan,267,51,num_token; update; source_file; dll; parent; source; reason; usn_reason_security_change; runtime; _app; pad; console; host; resources; text; msvcp; primitives; io; encodings; web,reports\week4\plots\wordclouds_full\tfidf_hdbscan_cluster_267.png,ok
tfidf,hdbscan,268,56,num_token; update; source_file; hex_token; parent; source; reason; usn_reason_rename_new_name; usn_reason_rename_old_name; usn_reason_basic_info_change; usn_reason_data_overwrite; usn_reason_compression_change; usn_reason_data_extend; usn_reason_indexable_change; cab; vstelaif; cbd; dbb; da,reports\week4\plots\wordclouds_full\tfidf_hdbscan_cluster_268.png,ok
tfidf,hdbscan,269,46,num_token; update; source_file; dll; parent; source; reason; usn_reason_security_change; usn_reason_close; threading; _app; tasks; runtime; security; cryptography; encoding; vm; collections; diagnostics; io,reports\week4\plots\wordclouds_full\tfidf_hdbscan_cluster_269.png,ok
tfidf,hdbscan,270,16,num_token; update; source_file; log; parent; source; reason; usn_reason_data_extend; usn_reason_file_create; dat; wlms; activationstore; dd_setup_; _microsoft; visualcpp; settings; dtcinstall; sammui; pgo; usrclass,reports\week4\plots\wordclouds_full\tfidf_hdbscan_cluster_270.png,ok
tfidf,hdbscan,271,89,num_token; update; source_file; parent; source; reason; usn_reason_data_extend; usn_reason_file_create; usn_reason_close; cpp; svg; usn_reason_reparse_point_change; xaml; exe; asm; arm; props; vstemplate; pch; dat,reports\week4\plots\wordclouds_full\tfidf_hdbscan_cluster_271.png,ok
tfidf,hdbscan,272,56,num_token; update; source_file; parent; source; reason; usn_reason_basic_info_change; usn_reason_close; usn_reason_indexable_change; rbf; bd; dat; desktop; ac; mum; ini; exe; inethistory; language; temporary,reports\week4\plots\wordclouds_full\tfidf_hdbscan_cluster_272.png,ok
tfidf,hdbscan,273,29,num_token; update; source_file; parent; source; reason; usn_reason_close; usn_reason_hard_link_change; pak; exe; nn; identity_helper; sparse; msix; jsbytecodecache_; msedge; sig; kn; filesyncconfig; desktop,reports\week4\plots\wordclouds_full\tfidf_hdbscan_cluster_273.png,ok
tfidf,hdbscan,274,25,source_reg; hkey_local_machine; path_token; reg_sz; __fiiterator_; psfactorybuffer; _windows__cinternal__cstaterepository__cappextensionhost; _windows__cinternal__cstaterepository__csecondarytileuserchangelog; _windows__cinternal__cstaterepository__cendoflifepackage; _windows__cdevices__csmartcards__csmartcardautomaticresponseapdu; _windows__cinternal__cstaterepository__csharedpackagecontainer; _windows__cinternal__cstaterepository__cmigratorpatch; __fiasyncoperationcompletedhandler_; ___fivectorview_; _windows__capplicationmodel__ccore__crestrictedappcontainer; _windows__cdevices__cgpio__cprovider__cigpiocontrollerprovider; _webruntime__curireputationaction; ___fikeyvaluepair_; _hstring_windows__capplicationmodel__cwallet__cwalletitemcustomproperty; _windows__cinternal__cstaterepository__cpackagefamilypolicy,reports\week4\plots\wordclouds_full\tfidf_hdbscan_cluster_274.png,ok
tfidf,hdbscan,275,25,num_token; update; source_file; exe; parent; source; reason; usn_reason_security_change; usn_reason_close; pf; svchost; msedgewebview; mpsigstub; wmiprvse; drvinst; ffa; vsinitializer; ngentask; db; ada,reports\week4\plots\wordclouds_full\tfidf_hdbscan_cluster_275.png,ok
tfidf,hdbscan,276,51,num_token; update; source_file; js; parent; source; reason; usn_reason_security_change; usn_reason_close; index; vscode; definition; styles; swiper; neutral; layer; entity; removeslide; toolbar; replace,reports\week4\plots\wordclouds_full\tfidf_hdbscan_cluster_276.png,ok
tfidf,hdbscan,277,37,num_token; update; source_file; parent; source; reason; usn_reason_data_extend; usn_reason_data_truncation; shm; usn_reason_security_change; msi; dat; sqlite; staterepository; srd; settings; prefs; js; updateheartbeatscan; rsegmnoittet,reports\week4\plots\wordclouds_full\tfidf_hdbscan_cluster_277.png,ok
tfidf,hdbscan,278,27,num_token; update; source_file; json; temp; parent; source; reason; usn_reason_rename_old_name; state; _package; packages,reports\week4\plots\wordclouds_full\tfidf_hdbscan_cluster_278.png,ok
tfidf,hdbscan,279,104,num_token; update; xml; source_file; parent; source; reason; usn_reason_data_overwrite; usn_reason_data_extend; usn_reason_file_create; usn_reason_basic_info_change; usn_reason_close; runtime; net; diagnostics; ui; io; reflection; xaml; primitives,reports\week4\plots\wordclouds_full\tfidf_hdbscan_cluster_279.png,ok
tfidf,hdbscan,280,642,source_reg; hkey_local_machine; path_token; reg_sz; iasyncoperationcompletedhandler_; ivectorview_; iiterator_; __x_windows_cdevices_ci; __x_windows_cai_cmachinelearning_citensoruint; bit; iprinting; msinkaut; systemsettings; datamodel; _windows__cdata__cpdf__cinternal__cpdfcommandinfo; iasyncoperationwithprogresscompletedhandler_; ivsthreadedwaitdialog; iasyncoperationprogresshandler_; msrdp; ivdsdiskpartitionmf,reports\week4\plots\wordclouds_full\tfidf_hdbscan_cluster_280.png,ok
tfidf,hdbscan,281,23,num_token; update; source_file; api; ms; win; dll; parent; source; reason; usn_reason_data_extend; usn_reason_file_create; core; crt; usn_reason_reparse_point_change; datetime; usn_reason_stream_change; winrt; math; security,reports\week4\plots\wordclouds_full\tfidf_hdbscan_cluster_281.png,ok
tfidf,hdbscan,282,24,num_token; hex_token; update; source_file; parent; source; reason; _s; rslc; usn_reason_file_create; usn_reason_data_truncation; usn_reason_close; ea; usn_reason_indexable_change; usn_reason_basic_info_change; ebdb; fontcache; fontset; dat; ec,reports\week4\plots\wordclouds_full\tfidf_hdbscan_cluster_282.png,ok
tfidf,hdbscan,283,16,num_token; update; es; source_file; parent; source; reason; usn_reason_file_create; usn_reason_close,reports\week4\plots\wordclouds_full\tfidf_hdbscan_cluster_283.png,ok
tfidf,hdbscan,284,51,num_token; update; source_file; hex_token; parent; source; reason; usn_reason_file_create; automaticdestinations; ms; tbres,reports\week4\plots\wordclouds_full\tfidf_hdbscan_cluster_284.png,ok
tfidf,hdbscan,285,32,num_token; update; source_file; json; parent; source; reason; usn_reason_rename_new_name; state; usn_reason_close; packages; _package; activity; stream; discovery_stream,reports\week4\plots\wordclouds_full\tfidf_hdbscan_cluster_285.png,ok
tfidf,hdbscan,286,27,num_token; update; source_file; exe; parent; source; reason; usn_reason_security_change; pf; msedgewebview; svchost; dllhost; setup; stable; identity_helper; manifest; widgets; unifiedinstaller; wlrmdr; cd,reports\week4\plots\wordclouds_full\tfidf_hdbscan_cluster_286.png,ok
tfidf,hdbscan,287,62,num_token; update; source_file; js; parent; source; reason; usn_reason_security_change; definition; index; styles; open; ui; template; swiper; breadcrumb; options; design; color; tree,reports\week4\plots\wordclouds_full\tfidf_hdbscan_cluster_287.png,ok
tfidf,hdbscan,288,36,source_reg; hkey_local_machine; path_token; reg_sz; itypedeventhandler_; __fiiterable_; __fivectorview_; __fitypedeventhandler_; __fiasyncoperation_; iasyncoperation_; ___fivectorview_; _windows__cdevices__cradios__cradio; _windows__cdevices__clights__clamp_windows__cdevices__clights__clampavailabilitychangedeventargs; _windows__cspeech__cshell__cservices__cvoiceshelluiautomation_hstring; _windows__cinternal__cstaterepository__cappinstaller; _windows__cinternal__cstaterepository__cpackagefamilyuser; _windows__cdevices__cpointofservice__cprovider__cpaymentdeviceconnection_windows__cdevices__cpointofservice__cprovider__cpaymentdevicepaymentrequesteventargs; _windows__csecurity__ccryptography__ccertificates__ccertificatechain; _windows__cdevices__cwifidirect__cservices__cwifidirectserviceadvertiser_iinspectable; _windows__capplicationmodel__cpayments__cpaymentitem,reports\week4\plots\wordclouds_full\tfidf_hdbscan_cluster_288.png,ok
tfidf,hdbscan,289,22,source_reg; hkey_local_machine; path_token; reg_sz; __fivector_; __fiasyncoperationcompletedhandler_; __fiasyncoperation_; ___fivectorview_; _windows__capplicationmodel__cstore__cpreview__cstorepreviewproductinfo; _windows__csecurity__cauthentication__cidentity__cprovider__csecondaryauthenticationfactordevicepresencemonitoringregistrationstatus; _windows__capplicationmodel__cconversationalagent__cactivationsignaldetectionconfigurationsetmodeldataresult; _windows__cinternal__cstaterepository__cappinstalleruri; _windows__capplicationmodel__cstore__cpreview__cstorepreviewskuinfo; _windows__cinternal__cstaterepository__cpackage; _windows__cinternal__cstaterepository__cprimarytileview; _windows__csecurity__centerprisedata__cdataprotectioninfo; _windows__cdevices__ccustom__ccustomdevice; _windows__capplicationmodel__cconversationalagent__cactivationsignaldetectionconfiguration; _windows__csecurity__centerprisedata__cfileprotectionstatus; _windows__cnetworking__cservicediscovery__cdnssd__cdnssdregistrationresult,reports\week4\plots\wordclouds_full\tfidf_hdbscan_cluster_289.png,ok
tfidf,hdbscan,290,16,num_token; update; source_file; dll; mui; parent; source; reason; usn_reason_data_extend; usn_reason_file_create; filesync; localizedresources; usn_reason_reparse_point_change; usn_reason_stream_change; softwarelogo; appxmanifestresourcesvalidation; tests; appxpackaging,reports\week4\plots\wordclouds_full\tfidf_hdbscan_cluster_290.png,ok
tfidf,hdbscan,291,109,num_token; update; xml; source_file; parent; source; reason; usn_reason_data_overwrite; usn_reason_data_extend; usn_reason_file_create; usn_reason_basic_info_change; runtime; componentmodel; net; io; security; windowsruntime; primitives; linq; reflection,reports\week4\plots\wordclouds_full\tfidf_hdbscan_cluster_291.png,ok
tfidf,hdbscan,292,98,num_token; update; xml; source_file; parent; source; reason; usn_reason_file_create; net; runtime; reflection; io; linq; extensions; componentmodel; rd; printing; media; diagnostics; compression,reports\week4\plots\wordclouds_full\tfidf_hdbscan_cluster_292.png,ok
tfidf,hdbscan,293,28,num_token; update; source_file; parent; source; reason; usn_reason_rename_new_name; usn_reason_close; mum; language; bin; pay; dat; bak; safe; current; jpan; dd; th; basic,reports\week4\plots\wordclouds_full\tfidf_hdbscan_cluster_293.png,ok
tfidf,hdbscan,294,37,num_token; hex_token; source_evt; provider; identifier; fd; cae; bcd; source; store; strings; onecoreuap; path_token; computer; windeveval; record; event; level; hr; failure,reports\week4\plots\wordclouds_full\tfidf_hdbscan_cluster_294.png,ok
tfidf,hdbscan,295,161,num_token; update; source_file; parent; source; reason; usn_reason_security_change; usn_reason_close; pak; unverified; ts; f_; resources; pri; roamingstate; appxsignature; rbs; bin; msi; effect,reports\week4\plots\wordclouds_full\tfidf_hdbscan_cluster_295.png,ok
tfidf,hdbscan,296,18,num_token; update; source_file; svg; parent; source; reason; usn_reason_security_change; usn_reason_close; naturalpencilicon; crayonicon; polygontool; rotateright; cloudcallouttool; downarrowtool; uparrowtool; zoomindisabled; magnifiertool; curvedarrowtool; dark,reports\week4\plots\wordclouds_full\tfidf_hdbscan_cluster_296.png,ok
tfidf,hdbscan,297,21,num_token; update; source_file; parent; source; reason; usn_reason_data_extend; ini; activationstore; dat; bin; options; desktop; f_; sqlwriterlogger; txt; sitesecurityservicestate; cookies; journal; sdk,reports\week4\plots\wordclouds_full\tfidf_hdbscan_cluster_297.png,ok
tfidf,hdbscan,298,33,num_token; hex_token; current; null; source_evt; provider; identifier; ac; source; install; agent; strings; installservice; inproc; caller; thread; impersonating; using; process; localsystem,reports\week4\plots\wordclouds_full\tfidf_hdbscan_cluster_298.png,ok
tfidf,hdbscan,299,58,num_token; update; source_file; parent; source; reason; usn_reason_basic_info_change; usn_reason_rename_old_name; rbf; pay; bd; usn_reason_indexable_change; inetcache; content; ae; inethistory; ea; ce; burn; fe,reports\week4\plots\wordclouds_full\tfidf_hdbscan_cluster_299.png,ok
tfidf,hdbscan,300,26,num_token; update; source_file; parent; source; reason; usn_reason_data_truncation; shm; sqlite; db; etl; updatepolicyscenarioreliabilityaggregator; bootperfdiaglogger; rsegmnoittet; es; schedule; scan; backupnonmaintenance; variations; settings,reports\week4\plots\wordclouds_full\tfidf_hdbscan_cluster_300.png,ok
tfidf,hdbscan,301,40,num_token; update; source_file; parent; source; reason; usn_reason_rename_old_name; mum; pay; language; af; ar; dat; ac; _en_us; cb; basic; texttospeech; id; es,reports\week4\plots\wordclouds_full\tfidf_hdbscan_cluster_301.png,ok
tfidf,hdbscan,302,22,num_token; update; source_file; parent; source; reason; usn_reason_rename_new_name; language; mum; pay; bd; rbf; safe; bin; dat; ac; beng; lv; sk; handwriting,reports\week4\plots\wordclouds_full\tfidf_hdbscan_cluster_302.png,ok
tfidf,hdbscan,303,53,num_token; hex_token; path_token; install; source_evt; provider; identifier; ac; source; agent; strings; onecoreuap; computer; windeveval; record; event; level; xa; uwainstallwork; progress,reports\week4\plots\wordclouds_full\tfidf_hdbscan_cluster_303.png,ok
tfidf,hdbscan,304,37,num_token; source_evt; provider; identifier; ac; hex_token; source; install; agent; strings; queue; state; working; pending; idle; xa; installqueue; _findnextpendingitem; onecoreuap; path_token,reports\week4\plots\wordclouds_full\tfidf_hdbscan_cluster_304.png,ok
tfidf,hdbscan,305,16,num_token; update; source_file; svg; parent; source; reason; usn_reason_security_change; resize; cocreator; colors; calligraphybrushicon; dark_feedshimmer_m; bgremoval; linetool; uparrow; magnifiertool; diamondtool; eyeoff; fourpointstartool,reports\week4\plots\wordclouds_full\tfidf_hdbscan_cluster_305.png,ok
tfidf,hdbscan,306,51,num_token; hex_token; source_evt; provider; identifier; source; strings; computer; windeveval; record; event; level; cd; pushnotifications; platform; appreadiness; wekyb; bbwe; install; txyewy,reports\week4\plots\wordclouds_full\tfidf_hdbscan_cluster_306.png,ok
tfidf,hdbscan,307,62,num_token; update; source_file; parent; source; reason; usn_reason_file_create; usn_reason_close; monotouch; ja; wp; wpa; jp; libraries; gl; nso; za; agents; windowsalarms; aggregatorstorage,reports\week4\plots\wordclouds_full\tfidf_hdbscan_cluster_307.png,ok
tfidf,hdbscan,308,111,num_token; hex_token; source_evt; provider; source; strings; computer; record; event; level; identifier; windeveval; path_token; cc; ba; fa; dbe; cf; winlogon; url_token,reports\week4\plots\wordclouds_full\tfidf_hdbscan_cluster_308.png,ok
tfidf,hdbscan,309,50,num_token; hex_token; source_evt; provider; identifier; source; strings; computer; windev; eval; record; event; level; staterepository; cd; pushnotifications; platform; false; true; fe,reports\week4\plots\wordclouds_full\tfidf_hdbscan_cluster_309.png,ok
tfidf,hdbscan,310,45,num_token; update; source_file; parent; source; reason; usn_reason_file_create; usn_reason_close; ru; xamarinwatchos; runtimes; ref,reports\week4\plots\wordclouds_full\tfidf_hdbscan_cluster_310.png,ok
tfidf,hdbscan,311,16,num_token; update; source_file; parent; source; reason; usn_reason_file_create; usn_reason_close; xamarinios; xamarintvos,reports\week4\plots\wordclouds_full\tfidf_hdbscan_cluster_311.png,ok
tfidf,hdbscan,312,48,num_token; update; source_file; parent; source; reason; usn_reason_file_create; usn_reason_close; fr; ko; xamarinmac; monoandroid; netcore,reports\week4\plots\wordclouds_full\tfidf_hdbscan_cluster_312.png,ok
tfidf,hdbscan,313,54,num_token; hex_token; source_evt; provider; identifier; source; strings; computer; record; event; level; windev; eval; ab; ba; path_token; appxpackagingom; url_token; acb; appxdeployment,reports\week4\plots\wordclouds_full\tfidf_hdbscan_cluster_313.png,ok
tfidf,hdbscan,314,93,num_token; hex_token; source_evt; provider; identifier; source; strings; computer; windeveval; record; event; level; staterepository; cd; pushnotifications; platform; false; wcmsvc; path_token; true,reports\week4\plots\wordclouds_full\tfidf_hdbscan_cluster_314.png,ok
tfidf,hdbscan,315,16,num_token; source_evt; provider; identifier; hex_token; source; strings; computer; record; event; level; staterepository; win; sd; revbr; cd; pushnotifications; platform; microsoftedge; stable_,reports\week4\plots\wordclouds_full\tfidf_hdbscan_cluster_315.png,ok
tfidf,hdbscan,316,32,num_token; update; source_file; parent; source; reason; usn_reason_data_overwrite; usn_reason_close; evtx; operational; usn_reason_data_extend; data_; db; meta; chk; dat; jfm; resource; exhaustion; detector,reports\week4\plots\wordclouds_full\tfidf_hdbscan_cluster_316.png,ok
tfidf,hdbscan,317,23,num_token; source_evt; provider; identifier; acb; hex_token; source; appxdeployment; server; strings; wekyb; bbwe; computer; windeveval; record; event; level; _x; __; path_token,reports\week4\plots\wordclouds_full\tfidf_hdbscan_cluster_317.png,ok
tfidf,hdbscan,318,125,num_token; update; source_file; dll; parent; source; reason; usn_reason_data_overwrite; usn_reason_data_extend; usn_reason_file_create; resources; runtime; private; net; threading; security; reflection; cryptography; mcgengine; clrcompression,reports\week4\plots\wordclouds_full\tfidf_hdbscan_cluster_318.png,ok
tfidf,hdbscan,319,25,num_token; update; source_file; exe; parent; source; reason; usn_reason_data_extend; usn_reason_file_create; pf; bef; config; plugin; container; sig; svchost; filetypeverifier; certtrusttool; backgroundtaskhost; dumpbin,reports\week4\plots\wordclouds_full\tfidf_hdbscan_cluster_319.png,ok
tfidf,hdbscan,320,88,num_token; update; source_file; parent; source; reason; usn_reason_file_create,reports\week4\plots\wordclouds_full\tfidf_hdbscan_cluster_320.png,ok
tfidf,hdbscan,321,99,num_token; update; xml; source_file; parent; source; reason; usn_reason_data_overwrite; usn_reason_data_extend; usn_reason_file_create; runtime; componentmodel; reflection; windowsruntime; io; net; xmlserializer; primitives; interopservices; linq,reports\week4\plots\wordclouds_full\tfidf_hdbscan_cluster_321.png,ok
tfidf,hdbscan,322,100,num_token; update; source_file; dll; parent; source; reason; usn_reason_data_extend; usn_reason_file_create; security; servicemodel; diagnostics; globalization; mrt; msvcp; cryptography; text; linq; componentmodel; visualstudio,reports\week4\plots\wordclouds_full\tfidf_hdbscan_cluster_322.png,ok
tfidf,hdbscan,323,17,num_token; update; source_file; resources; dll; parent; source; reason; usn_reason_data_extend; usn_reason_file_create; sg; cciextensions; typenameutilities; ilc; il; softwarelogo; tests; gatekeeper; engine; build,reports\week4\plots\wordclouds_full\tfidf_hdbscan_cluster_323.png,ok
tfidf,hdbscan,324,29,num_token; update; source_file; exe; parent; source; reason; usn_reason_file_create; pf; config; runtimebroker; signtool; winappdeploycmd; nutc_driver; makenativewinmd; comparepackage; python; winmdexp; dumpbin; isxps,reports\week4\plots\wordclouds_full\tfidf_hdbscan_cluster_324.png,ok
tfidf,hdbscan,325,92,num_token; update; source_file; dll; parent; source; reason; usn_reason_file_create; linq; collections; numerics; msvcp; servicemodel; diagnostics; dxil; nutcui; rhbindui; vcamp; nmakeui; wex,reports\week4\plots\wordclouds_full\tfidf_hdbscan_cluster_325.png,ok
tfidf,hdbscan,326,22,num_token; update; source_file; resources; dll; parent; source; reason; usn_reason_file_create; softwarelogo; mcgengine; tests; reducerengine; cciextensions; gatekeeper; engine; userinterface; workflows; ilc; il,reports\week4\plots\wordclouds_full\tfidf_hdbscan_cluster_326.png,ok
tfidf,hdbscan,327,102,num_token; hex_token; source_evt; provider; identifier; acb; source; appxdeployment; server; strings; computer; windev; eval; record; event; level; wekyb; bbwe; _x; __,reports\week4\plots\wordclouds_full\tfidf_hdbscan_cluster_327.png,ok
tfidf,hdbscan,328,15,num_token; source_evt; provider; identifier; acb; hex_token; source; appxdeployment; server; strings; computer; windev; eval; record; event; level; ab; path_token,reports\week4\plots\wordclouds_full\tfidf_hdbscan_cluster_328.png,ok
tfidf,hdbscan,329,19,num_token; update; source_file; parent; source; reason; usn_reason_data_extend; usn_reason_file_create; ui; xaml; maps; applicationmodel; security; controls; services; localsearch; media; userdatatasks; dataprovider; authentication,reports\week4\plots\wordclouds_full\tfidf_hdbscan_cluster_329.png,ok
tfidf,hdbscan,330,81,num_token; update; source_file; dll; parent; source; reason; usn_reason_data_overwrite; usn_reason_data_extend; usn_reason_file_create; usn_reason_basic_info_change; usn_reason_close; io; security; diagnostics; msdia; cryptography; text; globalization; mrt,reports\week4\plots\wordclouds_full\tfidf_hdbscan_cluster_330.png,ok
tfidf,hdbscan,331,21,num_token; update; source_file; resources; dll; parent; source; reason; usn_reason_data_overwrite; usn_reason_data_extend; usn_reason_file_create; usn_reason_basic_info_change; usn_reason_close; cciextensions; il; gatekeeper; engine; sg; reducerengine; ilc,reports\week4\plots\wordclouds_full\tfidf_hdbscan_cluster_331.png,ok
tfidf,hdbscan,332,35,num_token; update; source_file; private; parent; source; reason; usn_reason_data_extend; usn_reason_file_create; interop; iltoc; reflection; iltocpdb; pdb; execution; ildll; typeloader; ilpdb; sharedlibrary; generated,reports\week4\plots\wordclouds_full\tfidf_hdbscan_cluster_332.png,ok
tfidf,hdbscan,333,92,num_token; update; source_file; dll; parent; source; reason; usn_reason_data_overwrite; usn_reason_data_extend; usn_reason_file_create; usn_reason_basic_info_change; net; servicemodel; io; http; security; filesystem; diagnostics; nutcui; msvcp,reports\week4\plots\wordclouds_full\tfidf_hdbscan_cluster_333.png,ok
tfidf,hdbscan,334,16,num_token; update; source_file; resources; dll; parent; source; reason; usn_reason_data_overwrite; usn_reason_data_extend; usn_reason_file_create; usn_reason_basic_info_change; mcgengine; softwarelogo; gatekeeper; engine; il; ilc; binscope; cciextensions,reports\week4\plots\wordclouds_full\tfidf_hdbscan_cluster_334.png,ok
tfidf,hdbscan,335,24,num_token; update; source_file; private; parent; source; reason; usn_reason_file_create; reflection; iltoc; execution; ildll; iltocpdb; interop; ilpdb; uri; metadata; corelib; sharedlibrary; generated,reports\week4\plots\wordclouds_full\tfidf_hdbscan_cluster_335.png,ok
tfidf,hdbscan,336,99,num_token; update; source_file; parent; source; reason; usn_reason_security_change; ro; assets; appxmetadata; images; localstate; xbf; min; css; tempstate; dist; slk; ttf; installers,reports\week4\plots\wordclouds_full\tfidf_hdbscan_cluster_336.png,ok
tfidf,hdbscan,337,22,num_token; update; source_file; parent; source; reason; usn_reason_security_change; ts; appxsignature; spec; packagestateapi; tempdisablementpage; mainpage; viewchangedapi; pagemanager; globalofflinepage; itraceloggingdispatcher; stringutilities; widgetmodelapifactory; deprecated_ihostwebaccountapi,reports\week4\plots\wordclouds_full\tfidf_hdbscan_cluster_337.png,ok
tfidf,hdbscan,338,22,num_token; update; source_file; parent; source; reason; usn_reason_data_overwrite; usn_reason_data_extend; usn_reason_file_create; usn_reason_basic_info_change; usn_reason_close; applicationmodel; preview; provider; ui; devices; management; media; holographic; applicationsettings,reports\week4\plots\wordclouds_full\tfidf_hdbscan_cluster_338.png,ok
tfidf,hdbscan,339,32,num_token; update; source_file; private; parent; source; reason; usn_reason_data_overwrite; usn_reason_data_extend; usn_reason_file_create; usn_reason_basic_info_change; usn_reason_close; interop; iltocpdb; iltoc; reflection; uri; ildll; sharedlibrary; generated,reports\week4\plots\wordclouds_full\tfidf_hdbscan_cluster_339.png,ok
tfidf,hdbscan,340,35,num_token; update; source_file; parent; source; reason; usn_reason_data_overwrite; evtx; operational; chk; edb; db; sqlite; alternateservices; bin; data_; jfm; resource; exhaustion; detector,reports\week4\plots\wordclouds_full\tfidf_hdbscan_cluster_340.png,ok
tfidf,hdbscan,341,20,num_token; update; source_file; parent; source; reason; usn_reason_data_overwrite; usn_reason_data_extend; etl; db; alternateservices; bin; etwrteventlog; xsd; activationstore; dat; caee; etwrtdiaglog; appxmanifestschema; data_,reports\week4\plots\wordclouds_full\tfidf_hdbscan_cluster_341.png,ok
tfidf,hdbscan,342,22,num_token; update; source_file; dat; parent; source; reason; usn_reason_file_create; ngentasknewworklock; ngenserviceclientlock; ngenrootstorelock; tokens,reports\week4\plots\wordclouds_full\tfidf_hdbscan_cluster_342.png,ok
tfidf,hdbscan,343,39,num_token; update; source_file; parent; source; reason; usn_reason_file_create; netstandard; devices; applicationmodel; ui; provider; xaml; preview; media; storage; graphics; services; store; perception,reports\week4\plots\wordclouds_full\tfidf_hdbscan_cluster_343.png,ok
tfidf,hdbscan,344,16,num_token; update; source_file; svg; parent; source; reason; usn_reason_data_extend; usn_reason_file_create; yellowfolder; foldericon; syncstatussyncing; globeicon; signinexclamation; treechevronleft; resumeicon; folder_image_pictures_mac; recyclebinicon; checkmark_selected; fre_choose_folder,reports\week4\plots\wordclouds_full\tfidf_hdbscan_cluster_344.png,ok
tfidf,hdbscan,345,21,num_token; update; source_file; parent; source; reason; usn_reason_data_overwrite; usn_reason_data_extend; usn_reason_file_create; ui; storage; input; preview; devices; applicationmodel; networking; security; authentication; identity; media,reports\week4\plots\wordclouds_full\tfidf_hdbscan_cluster_345.png,ok
tfidf,hdbscan,346,22,num_token; update; source_file; parent; source; reason; usn_reason_data_overwrite; usn_reason_data_extend; usn_reason_file_create; usn_reason_basic_info_change; devices; ui; provider; media; storage; preview; xaml; automation; implementation; fileexplorer,reports\week4\plots\wordclouds_full\tfidf_hdbscan_cluster_346.png,ok
tfidf,hdbscan,347,33,num_token; update; source_file; private; parent; source; reason; usn_reason_data_overwrite; usn_reason_data_extend; usn_reason_file_create; usn_reason_basic_info_change; iltoc; iltocpdb; sharedlibrary; interop; generated; corelib; uri; reflection; toc,reports\week4\plots\wordclouds_full\tfidf_hdbscan_cluster_347.png,ok
tfidf,hdbscan,348,25,num_token; update; source_file; cpp; parent; source; reason; usn_reason_data_extend; usn_reason_file_create; xwstod; wrmdir; mbsnset; get_environment_from_os; vector_algorithms; taskcollection; ios; xstrxfrm; thread_safe_statics; splitpath; atoldbl,reports\week4\plots\wordclouds_full\tfidf_hdbscan_cluster_348.png,ok
tfidf,hdbscan,349,34,num_token; update; source_file; private; parent; source; reason; usn_reason_data_overwrite; usn_reason_data_extend; usn_reason_file_create; reflection; interop; ilpdb; iltocpdb; iltoc; sharedlibrary; generated; execution; typeloader; toc,reports\week4\plots\wordclouds_full\tfidf_hdbscan_cluster_349.png,ok
tfidf,hdbscan,350,20,num_token; update; source_file; cpp; parent; source; reason; usn_reason_file_create; xdnorm; new_scalar_align; xldtento; winrtwrapper; invalid_parameter_handler; mbstok_s; uncaught_exception; pch; cachelocalschedulegroup; weakreference; strncat_s; sample,reports\week4\plots\wordclouds_full\tfidf_hdbscan_cluster_350.png,ok
tfidf,hdbscan,351,15,num_token; update; source_file; parent; source; reason; usn_reason_file_create; net; http; rtc; sockets; io,reports\week4\plots\wordclouds_full\tfidf_hdbscan_cluster_351.png,ok
tfidf,hdbscan,352,66,num_token; update; source_file; parent; source; reason; usn_reason_data_overwrite; usn_reason_data_extend; usn_reason_file_create; usn_reason_basic_info_change; usn_reason_close; signature; cat; mof; winbio; storage; accesscache; genlex; corecrt_share; transportmask,reports\week4\plots\wordclouds_full\tfidf_hdbscan_cluster_352.png,ok
tfidf,hdbscan,353,24,num_token; update; source_file; parent; source; reason; usn_reason_data_overwrite; usn_reason_data_extend; usn_reason_file_create; usn_reason_basic_info_change; usn_reason_close; idl; txt; dotnet_library_license; thirdpartynotices; proofofpossessioncookieinfo; dxgi; shellhandwriting; animationcoordinator; trnlcl,reports\week4\plots\wordclouds_full\tfidf_hdbscan_cluster_353.png,ok
tfidf,hdbscan,354,159,num_token; update; source_file; parent; source; reason; usn_reason_data_extend; usn_reason_file_create; signature; tlb; vstemplate; pdb; inprogressinstallinfo; ipi; ilpdb; rtf; vbs; sharedlibrary; fxresources; linq,reports\week4\plots\wordclouds_full\tfidf_hdbscan_cluster_354.png,ok
tfidf,hdbscan,355,25,num_token; update; source_file; parent; source; reason; usn_reason_data_extend; usn_reason_file_create; idl; txt; thirdpartynotices; dotnet_library_license; phone; startscreen; mfspatialaudio; ahadmin; medparam; mainpage; mstask; rometadataapi,reports\week4\plots\wordclouds_full\tfidf_hdbscan_cluster_355.png,ok
tfidf,hdbscan,356,82,num_token; update; source_file; parent; source; reason; usn_reason_data_overwrite; usn_reason_data_extend; usn_reason_file_create; usn_reason_basic_info_change; signature; vmsg; image; jpg; winmd; thm; wxl; ntenclv; dcomp; wsdxml,reports\week4\plots\wordclouds_full\tfidf_hdbscan_cluster_356.png,ok
tfidf,hdbscan,357,35,num_token; update; source_file; parent; source; reason; usn_reason_data_overwrite; usn_reason_data_extend; usn_reason_file_create; usn_reason_basic_info_change; idl; txt; thirdpartynotices; dotnet_library_license; prsht; tsvirtualchannels; globalization; datetimeformatting; objidl; austream,reports\week4\plots\wordclouds_full\tfidf_hdbscan_cluster_357.png,ok
tfidf,hdbscan,358,29,num_token; update; source_file; parent; source; reason; usn_reason_file_create; idl; txt; dotnet_library_license; thirdpartynotices; inddef; management; workplace; searchapi; msoeapi; video; srchprth; readme; windowscontracts,reports\week4\plots\wordclouds_full\tfidf_hdbscan_cluster_358.png,ok
tfidf,hdbscan,359,65,num_token; update; source_file; parent; source; reason; usn_reason_data_overwrite; usn_reason_data_extend; usn_reason_file_create; tlb; signature; image; jpg; sharedlibrary; mdildll; reporting; nel; cat; vbs; winbio_types,reports\week4\plots\wordclouds_full\tfidf_hdbscan_cluster_359.png,ok
tfidf,hdbscan,360,15,num_token; update; source_file; txt; parent; source; reason; usn_reason_data_overwrite; usn_reason_data_extend; usn_reason_file_create; dotnet_library_license; thirdpartynotices,reports\week4\plots\wordclouds_full\tfidf_hdbscan_cluster_360.png,ok
tfidf,hdbscan,361,17,num_token; update; source_file; idl; parent; source; reason; usn_reason_data_overwrite; usn_reason_data_extend; usn_reason_file_create; subsmgr; srcrst; tapi; networking; rdpappcontainerclient; xpsobjectmodel_; vwflt; embedded; devicelockdown; portabledeviceapi,reports\week4\plots\wordclouds_full\tfidf_hdbscan_cluster_361.png,ok
tfidf,hdbscan,362,15,num_token; update; source_file; zh; hant; parent; source; reason; usn_reason_file_create,reports\week4\plots\wordclouds_full\tfidf_hdbscan_cluster_362.png,ok
tfidf,hdbscan,363,58,num_token; update; source_file; parent; source; reason; usn_reason_file_create; monoandroid; xamarinmac; ko; netcore; fr; zh; hans; xamarinios,reports\week4\plots\wordclouds_full\tfidf_hdbscan_cluster_363.png,ok
tfidf,hdbscan,364,16,num_token; update; source_file; parent; source; reason; usn_reason_file_create; ru; xamarinwatchos; runtimes,reports\week4\plots\wordclouds_full\tfidf_hdbscan_cluster_364.png,ok
tfidf,hdbscan,365,120,num_token; update; source_file; parent; source; reason; usn_reason_file_create; systemappdata; vbs; qml; templates; cp; tr; qosobjs; cwchar; wpfflowdocument; xutility; scrollbar; nativeassets; uk,reports\week4\plots\wordclouds_full\tfidf_hdbscan_cluster_365.png,ok
tfidf,hdbscan,366,19,num_token; update; source_file; parent; source; reason; usn_reason_file_create; monotouch; ja; wpa; wp; fr; sn,reports\week4\plots\wordclouds_full\tfidf_hdbscan_cluster_366.png,ok
